query_text,risk_category
My bank transfer was not processed. Please provide the relevant information.,General
My banking application is not visible in the app. Can you help me with this banking service.,General
Someone transferred money from my account without my approval. The transaction appeared this morning. Please help me dispute the transaction.,Fraud
I found an unknown payment in my statement. I have never made this type of payment. Please guide me on the next steps.,Fraud
Someone used my credit card without my permission. I do not know who initiated the transaction. Please help me raise a fraud complaint.,Fraud
My Aadhaar verification needs to be updated. Please explain what information I should provide.,Sensitive
My cheque clearance is showing an error. I need instructions for this service.,General
My identity verification requires additional documents. Can you tell me why it is pending.,Sensitive
My ATM PIN was not processed. I need instructions for this service.,General
Someone used my debit card without my permission. I noticed it while reviewing my transaction history. I need to secure my account.,Fraud
My identity verification requires additional documents. Please tell me which documents are required.,Sensitive
My mobile banking login is unavailable right now. Please provide the relevant information.,General
My KYC verification is showing as incomplete. Please help me complete the process.,Sensitive
My salary credit is unavailable right now. I need instructions for this service.,General
I noticed an unauthorized transaction on my account. I noticed it while reviewing my transaction history. I want to prevent any further unauthorized activity.,Fraud
My bank statement is taking longer than expected. Please tell me how to resolve this.,General
My internet banking password needs to be updated. Can you guide me through the process.,General
My Aadhaar verification is under review. Please help me complete the process.,Sensitive
Money was withdrawn from my account without authorization. The payment appeared in my latest statement. Please help me dispute the transaction.,Fraud
I believe my card details have been compromised. The transaction was made while I had my card with me. Please guide me on the next steps.,Fraud
My net banking login needs to be updated. I need instructions for this service.,General
My registered mobile number was not processed. Please explain how this service works.,General
My ATM withdrawal is unavailable right now. Can you guide me through the process.,General
My transaction history has not been reflected yet. Can you help me with this banking service.,General
My transaction history is showing an error. I would like to know the procedure.,General
Someone transferred money from my account without my approval. The payment is unfamiliar to me. I want to prevent any further unauthorized activity.,Fraud
My ATM PIN has not been reflected yet. Can you explain the steps to fix it.,General
My banking application is unavailable right now. Please tell me how to resolve this.,General
My communication address is not working. Can you guide me through the process.,General
My NEFT transfer is not working. I need instructions for this service.,General
My banking application is taking longer than expected. I would like to know the procedure.,General
My home loan application requires additional documents. I would like an update on the application.,Sensitive
My net banking login is not working. Can you guide me through the process.,General
My cheque book request needs clarification. I need instructions for this service.,General
I found an unknown payment in my statement. The payment appeared in my latest statement. Please tell me how to report this immediately.,Fraud
Someone used my credit card without my permission. The payment appeared in my latest statement. Please tell me how to block the affected card.,Fraud
Money was withdrawn from my account without authorization. The amount is not something I authorized. I want to prevent any further unauthorized activity.,Fraud
There is a suspicious UPI transfer in my account. I have never made this type of payment. Please tell me how to report this immediately.,Fraud
My cheque clearance was not processed. What should I do next.,General
I do not recognize a recent card payment. The payment appeared in my latest statement. Please tell me how to block the affected card.,Fraud
My mobile banking login is taking longer than expected. Please explain how this service works.,General
I noticed an unauthorized transaction on my account. The transaction was made while I had my card with me. Please tell me how to block the affected card.,Fraud
My mobile banking password is not working. Please tell me how to resolve this.,General
My home loan application has not been completed yet. Can you tell me why it is pending.,Sensitive
My mobile banking login is taking longer than expected. Please provide the relevant information.,General
Someone used my debit card without my permission. The transaction was made while I had my card with me. Please guide me on the next steps.,Fraud
Someone transferred money from my account without my approval. The transaction appeared this morning. I need to secure my account.,Fraud
I noticed an unauthorized transaction on my account. I do not know who initiated the transaction. I want to prevent any further unauthorized activity.,Fraud
My KYC verification is waiting for review. Can you tell me how long the review may take.,Sensitive
My Aadhaar verification has not been completed yet. Please explain what information I should provide.,Sensitive
My account verification is still pending. Can you tell me how long the review may take.,Sensitive
My personal information update has not been approved yet. Please guide me through the required process.,Sensitive
My account balance is taking longer than expected. I would like to know the procedure.,General
My IMPS transfer is unavailable right now. What should I do next.,General
My home loan application needs further information. Can you tell me how long the review may take.,Sensitive
My identity verification needs to be updated. Please help me complete the process.,Sensitive
I found an unknown payment in my statement. The payment appeared in my latest statement. Please tell me how to block the affected card.,Fraud
Money was withdrawn from my account without authorization. I want to make sure no further transactions occur. Please guide me on the next steps.,Fraud
Money was withdrawn from my account without authorization. I noticed it while reviewing my transaction history. I need to secure my account.,Fraud
My NRI account KYC is waiting for review. Please help me resolve the verification issue.,Sensitive
My Aadhaar verification has not been approved yet. I need guidance on updating the information.,Sensitive
My business loan application is showing as incomplete. Please explain what information I should provide.,Sensitive
I received an alert for a transaction I did not make. The payment is unfamiliar to me. Please help me report the fraud.,Fraud
I noticed an unauthorized transaction on my account. The payment appeared in my latest statement. I need assistance with an unauthorized payment.,Fraud
My account verification requires additional documents. Please guide me through the required process.,Sensitive
Someone used my credit card without my permission. I received the notification while checking my phone. I want to prevent any further unauthorized activity.,Fraud
There is a suspicious UPI transfer in my account. I noticed it while reviewing my transaction history. Please help me raise a fraud complaint.,Fraud
My ATM PIN is not working. Please help me complete the request.,General
My salary credit was not processed. Please help me complete the request.,General
Someone used my credit card without my permission. I received the notification while checking my phone. Please help me raise a fraud complaint.,Fraud
Someone used my credit card without my permission. I do not know who initiated the transaction. I need to secure my account.,Fraud
My PAN verification is showing as incomplete. Can you tell me why it is pending.,Sensitive
My loan verification is waiting for review. Please explain what information I should provide.,Sensitive
I do not recognize a recent card payment. The transaction was made while I had my card with me. Please help me dispute the transaction.,Fraud
My company account verification is waiting for review. Please help me resolve the verification issue.,Sensitive
My salary credit is not visible in the app. I need instructions for this service.,General
My loan verification is showing as incomplete. Can you tell me how long the review may take.,Sensitive
My loan verification needs to be updated. Please help me complete the process.,Sensitive
I noticed an unauthorized transaction on my account. I received the notification while checking my phone. I need to secure my account.,Fraud
My home loan application is waiting for review. Please help me complete the process.,Sensitive
My salary credit is difficult to access. Please explain how this service works.,General
I do not recognize a recent card payment. I do not know who initiated the transaction. Please help me report the fraud.,Fraud
I do not recognize a recent card payment. The amount is not something I authorized. I need to secure my account.,Fraud
My home loan application is showing as incomplete. Can you tell me why it is pending.,Sensitive
My Aadhaar verification has not been approved yet. Please help me complete the process.,Sensitive
Someone transferred money from my account without my approval. I do not know who initiated the transaction. Please tell me how to report this immediately.,Fraud
My PAN verification is under review. I need guidance on updating the information.,Sensitive
My NRI account KYC is showing as incomplete. Please guide me through the required process.,Sensitive
My PAN verification requires additional documents. I would like an update on the application.,Sensitive
My PAN verification is waiting for review. I would like an update on the application.,Sensitive
My bank transfer is taking longer than expected. Can you guide me through the process.,General
I received an alert for a transaction I did not make. The amount is not something I authorized. Please tell me how to block the affected card.,Fraud
I found an unknown payment in my statement. I do not know who initiated the transaction. I need to secure my account.,Fraud
My salary credit is not working. Can you explain the steps to fix it.,General
My mobile banking login is not visible in the app. What should I do next.,General
I do not recognize a recent card payment. I have never made this type of payment. I need assistance with an unauthorized payment.,Fraud
There is a suspicious UPI transfer in my account. The transaction appeared this morning. Please tell me how to block the affected card.,Fraud
I found an unknown payment in my statement. I want to make sure no further transactions occur. I want to prevent any further unauthorized activity.,Fraud
My cheque clearance was not processed. Please provide the relevant information.,General
I noticed an unauthorized transaction on my account. The amount is not something I authorized. Please tell me how to block the affected card.,Fraud
My account verification is showing as incomplete. Please tell me which documents are required.,Sensitive
My business loan application is showing as incomplete. Please guide me through the required process.,Sensitive
My bank statement is not visible in the app. Can you help me with this banking service.,General
My IMPS transfer is not visible in the app. I would like to know the procedure.,General
I received an alert for a transaction I did not make. I want to make sure no further transactions occur. Please guide me on the next steps.,Fraud
I received an alert for a transaction I did not make. The transaction was made while I had my card with me. I need assistance with an unauthorized payment.,Fraud
There is a suspicious UPI transfer in my account. The payment is unfamiliar to me. I need assistance with an unauthorized payment.,Fraud
My registered email address has not been reflected yet. Can you explain the steps to fix it.,General
I received an alert for a transaction I did not make. The transaction was made while I had my card with me. Please help me raise a fraud complaint.,Fraud
My loan documentation is still pending. Can you tell me why it is pending.,Sensitive
I noticed an unauthorized transaction on my account. I want to make sure no further transactions occur. Please help me dispute the transaction.,Fraud
My banking application is difficult to access. Can you help me with this banking service.,General
My financial document verification has not been completed yet. Please tell me which documents are required.,Sensitive
I believe my card details have been compromised. I received the notification while checking my phone. I need assistance with an unauthorized payment.,Fraud
There is a suspicious UPI transfer in my account. The payment is unfamiliar to me. Please guide me on the next steps.,Fraud
I do not recognize a recent card payment. I noticed it while reviewing my transaction history. Please help me raise a fraud complaint.,Fraud
My financial document verification needs to be updated. Please guide me through the required process.,Sensitive
I received an alert for a transaction I did not make. The transaction appeared this morning. Please help me dispute the transaction.,Fraud
Someone transferred money from my account without my approval. The payment appeared in my latest statement. Please tell me how to report this immediately.,Fraud
My registered mobile number is difficult to access. Please explain how this service works.,General
My personal information update has not been completed yet. Please explain what information I should provide.,Sensitive
My NEFT transfer has not been reflected yet. I need instructions for this service.,General
My banking application is not working. I would like to know the procedure.,General
Someone used my debit card without my permission. The payment is unfamiliar to me. Please help me report the fraud.,Fraud
I believe my card details have been compromised. I received the notification while checking my phone. Please help me report the fraud.,Fraud
My mobile banking login is taking longer than expected. Please tell me how to resolve this.,General
My ATM withdrawal is taking longer than expected. I would like to know the procedure.,General
My identity verification is waiting for review. Please explain what information I should provide.,Sensitive
My mobile banking password needs clarification. Can you guide me through the process.,General
There is a suspicious UPI transfer in my account. The amount is not something I authorized. I need to secure my account.,Fraud
My bank transfer is showing an error. Please help me complete the request.,General
I noticed an unauthorized transaction on my account. I do not know who initiated the transaction. I need assistance with an unauthorized payment.,Fraud
My bank transfer is unavailable right now. Can you explain the steps to fix it.,General
My net banking login was not processed. Please help me complete the request.,General
My company account verification needs to be updated. Please explain what information I should provide.,Sensitive
There is a suspicious UPI transfer in my account. The transaction appeared this morning. Please help me dispute the transaction.,Fraud
I found an unknown payment in my statement. I do not know who initiated the transaction. Please tell me how to report this immediately.,Fraud
I believe my card details have been compromised. I noticed it while reviewing my transaction history. Please guide me on the next steps.,Fraud
My loan documentation is under review. I would like an update on the application.,Sensitive
Someone used my debit card without my permission. I noticed it while reviewing my transaction history. Please tell me how to report this immediately.,Fraud
My cheque book request is not visible in the app. What should I do next.,General
Someone used my debit card without my permission. The transaction appeared this morning. Please help me dispute the transaction.,Fraud
My bank transfer is not visible in the app. I need instructions for this service.,General
Money was withdrawn from my account without authorization. I received the notification while checking my phone. I need assistance with an unauthorized payment.,Fraud
My account verification needs further information. Please help me complete the process.,Sensitive
My bank statement is not working. Can you explain the steps to fix it.,General
My company account verification needs to be updated. I would like an update on the application.,Sensitive
My ATM withdrawal has not been reflected yet. Can you help me with this banking service.,General
Someone transferred money from my account without my approval. The payment appeared in my latest statement. Please tell me how to block the affected card.,Fraud
My business loan application has not been completed yet. I would like an update on the application.,Sensitive
My mobile banking login is showing an error. Can you help me with this banking service.,General
My account balance needs to be updated. Please provide the relevant information.,General
My business loan application needs to be updated. Can you tell me how long the review may take.,Sensitive
My mobile banking password is unavailable right now. Please provide the relevant information.,General
My account verification is waiting for review. Can you explain the next steps.,Sensitive
My ATM withdrawal was not processed. Please explain how this service works.,General
My NEFT transfer is showing an error. Please help me complete the request.,General
I do not recognize a recent card payment. The transaction was made while I had my card with me. Please tell me how to report this immediately.,Fraud
I noticed an unauthorized transaction on my account. I have never made this type of payment. I want to investigate this transaction.,Fraud
I found an unknown payment in my statement. The payment is unfamiliar to me. Please guide me on the next steps.,Fraud
Someone used my debit card without my permission. The transaction appeared this morning. Please help me raise a fraud complaint.,Fraud
Money was withdrawn from my account without authorization. The amount is not something I authorized. I want to investigate this transaction.,Fraud
My account balance is not working. What should I do next.,General
My mobile banking login is taking longer than expected. I need instructions for this service.,General
Someone used my debit card without my permission. The payment is unfamiliar to me. I need to secure my account.,Fraud
I do not recognize a recent card payment. I noticed it while reviewing my transaction history. Please help me dispute the transaction.,Fraud
My banking application is not working. What should I do next.,General
My transaction history is not visible in the app. Can you guide me through the process.,General
My NRI account KYC requires additional documents. Please help me complete the process.,Sensitive
I believe my card details have been compromised. I do not know who initiated the transaction. I need assistance with an unauthorized payment.,Fraud
I found an unknown payment in my statement. I noticed it while reviewing my transaction history. I want to prevent any further unauthorized activity.,Fraud
My salary credit was not processed. I need instructions for this service.,General
My personal information update is under review. I would like an update on the application.,Sensitive
My identity verification needs further information. Please explain what information I should provide.,Sensitive
I believe my card details have been compromised. The amount is not something I authorized. Please tell me how to report this immediately.,Fraud
I noticed an unauthorized transaction on my account. The payment appeared in my latest statement. Please help me raise a fraud complaint.,Fraud
My bank transfer needs to be updated. I need instructions for this service.,General
My Aadhaar verification is waiting for review. Can you tell me why it is pending.,Sensitive
I believe my card details have been compromised. I received the notification while checking my phone. Please tell me how to report this immediately.,Fraud
My communication address is not working. I would like to know the procedure.,General
I noticed an unauthorized transaction on my account. The payment is unfamiliar to me. I want to investigate this transaction.,Fraud
My NRI account KYC is under review. Can you explain the next steps.,Sensitive
I received an alert for a transaction I did not make. The payment appeared in my latest statement. Please tell me how to report this immediately.,Fraud
I do not recognize a recent card payment. I want to make sure no further transactions occur. Please help me raise a fraud complaint.,Fraud
My account balance was not processed. Please explain how this service works.,General
My financial document verification was submitted for verification. I would like an update on the application.,Sensitive
My home loan application was submitted for verification. Can you explain the next steps.,Sensitive
I found an unknown payment in my statement. The transaction appeared this morning. Please help me dispute the transaction.,Fraud
My ATM PIN needs to be updated. Can you explain the steps to fix it.,General
My salary credit was not processed. Can you help me with this banking service.,General
My KYC verification needs further information. Can you explain the next steps.,Sensitive
My personal loan application is still pending. Can you tell me how long the review may take.,Sensitive
My ATM PIN is not working. Can you help me with this banking service.,General
My registered mobile number is showing an error. Can you help me with this banking service.,General
My personal loan application is showing as incomplete. Can you explain the next steps.,Sensitive
Someone used my credit card without my permission. I want to make sure no further transactions occur. I need to secure my account.,Fraud
My account verification was submitted for verification. I would like an update on the application.,Sensitive
I found an unknown payment in my statement. I want to make sure no further transactions occur. Please tell me how to report this immediately.,Fraud
My loan documentation is showing as incomplete. Please tell me which documents are required.,Sensitive
I found an unknown payment in my statement. The transaction was made while I had my card with me. I want to investigate this transaction.,Fraud
My KYC verification needs further information. Please help me resolve the verification issue.,Sensitive
My loan documentation has not been completed yet. Please guide me through the required process.,Sensitive
I believe my card details have been compromised. The payment is unfamiliar to me. Please guide me on the next steps.,Fraud
Someone used my debit card without my permission. I want to make sure no further transactions occur. Please guide me on the next steps.,Fraud
My bank transfer was not processed. Can you guide me through the process.,General
My home loan application is still pending. I need guidance on updating the information.,Sensitive
Someone used my credit card without my permission. The amount is not something I authorized. Please tell me how to report this immediately.,Fraud
My identity verification is waiting for review. Please help me resolve the verification issue.,Sensitive
Money was withdrawn from my account without authorization. I do not know who initiated the transaction. Please tell me how to report this immediately.,Fraud
My Aadhaar verification has not been approved yet. Please help me resolve the verification issue.,Sensitive
Someone used my credit card without my permission. The payment is unfamiliar to me. I need assistance with an unauthorized payment.,Fraud
My IMPS transfer is not working. I need instructions for this service.,General
My KYC verification is showing as incomplete. I need guidance on updating the information.,Sensitive
My NEFT transfer needs to be updated. What should I do next.,General
Money was withdrawn from my account without authorization. The payment is unfamiliar to me. Please help me dispute the transaction.,Fraud
Someone used my credit card without my permission. The transaction appeared this morning. I want to investigate this transaction.,Fraud
My cheque clearance is not visible in the app. Please tell me how to resolve this.,General
I found an unknown payment in my statement. The transaction was made while I had my card with me. Please help me report the fraud.,Fraud
My mobile banking password was not processed. Please help me complete the request.,General
Someone used my debit card without my permission. The payment appeared in my latest statement. Please help me dispute the transaction.,Fraud
My net banking login was not processed. I need instructions for this service.,General
My personal loan application is waiting for review. Can you tell me why it is pending.,Sensitive
My identity verification is showing as incomplete. Please help me complete the process.,Sensitive
My PAN verification is showing as incomplete. I would like an update on the application.,Sensitive
Someone transferred money from my account without my approval. The amount is not something I authorized. Please help me report the fraud.,Fraud
Someone used my credit card without my permission. The transaction was made while I had my card with me. I want to prevent any further unauthorized activity.,Fraud
Money was withdrawn from my account without authorization. I noticed it while reviewing my transaction history. Please help me report the fraud.,Fraud
Money was withdrawn from my account without authorization. The transaction was made while I had my card with me. I need assistance with an unauthorized payment.,Fraud
My salary credit is unavailable right now. Can you explain the steps to fix it.,General
My mobile banking password has not been reflected yet. Can you guide me through the process.,General
My transaction history needs to be updated. Can you help me with this banking service.,General
Someone used my credit card without my permission. I have never made this type of payment. I need assistance with an unauthorized payment.,Fraud
My identity verification is waiting for review. Can you explain the next steps.,Sensitive
My mobile banking login needs clarification. Can you guide me through the process.,General
My ATM withdrawal is difficult to access. Please tell me how to resolve this.,General
My registered mobile number needs clarification. Please help me complete the request.,General
My ATM withdrawal is not working. Please tell me how to resolve this.,General
My registered email address needs clarification. I would like to know the procedure.,General
My internet banking password is not working. Please explain how this service works.,General
My bank transfer has not been reflected yet. Can you guide me through the process.,General
My home loan application has not been completed yet. I would like an update on the application.,Sensitive
My registered mobile number is not working. I would like to know the procedure.,General
My home loan application needs to be updated. Can you tell me why it is pending.,Sensitive
Someone transferred money from my account without my approval. The amount is not something I authorized. I want to prevent any further unauthorized activity.,Fraud
My loan verification has not been completed yet. Can you tell me why it is pending.,Sensitive
My personal loan application was submitted for verification. Please tell me which documents are required.,Sensitive
My debit card activation is unavailable right now. Please help me complete the request.,General
My net banking login is unavailable right now. What should I do next.,General
My account balance is taking longer than expected. Can you guide me through the process.,General
My company account verification needs to be updated. Can you explain the next steps.,Sensitive
My internet banking password has not been reflected yet. I would like to know the procedure.,General
Someone used my debit card without my permission. I do not know who initiated the transaction. I need to secure my account.,Fraud
My internet banking password is unavailable right now. I would like to know the procedure.,General
My loan documentation needs to be updated. I would like an update on the application.,Sensitive
My cheque book request was not processed. Please help me complete the request.,General
My company account verification is waiting for review. I would like an update on the application.,Sensitive
Someone transferred money from my account without my approval. I do not know who initiated the transaction. I want to prevent any further unauthorized activity.,Fraud
My personal information update requires additional documents. Can you tell me how long the review may take.,Sensitive
My business loan application is waiting for review. I need guidance on updating the information.,Sensitive
My cheque clearance is not working. What should I do next.,General
My cheque clearance has not been reflected yet. Please tell me how to resolve this.,General
I do not recognize a recent card payment. I have never made this type of payment. I need to secure my account.,Fraud
My NRI account KYC has not been approved yet. Please help me resolve the verification issue.,Sensitive
My KYC documents has not been completed yet. Can you tell me why it is pending.,Sensitive
My IMPS transfer needs to be updated. I would like to know the procedure.,General
My mobile banking login is difficult to access. Please provide the relevant information.,General
My NRI account KYC needs to be updated. Please explain what information I should provide.,Sensitive
I do not recognize a recent card payment. I do not know who initiated the transaction. Please guide me on the next steps.,Fraud
My internet banking password is unavailable right now. Can you explain the steps to fix it.,General
My loan documentation is still pending. Please tell me which documents are required.,Sensitive
Someone used my debit card without my permission. I noticed it while reviewing my transaction history. Please help me raise a fraud complaint.,Fraud
Someone used my debit card without my permission. I received the notification while checking my phone. Please help me dispute the transaction.,Fraud
Someone used my debit card without my permission. I do not know who initiated the transaction. Please help me raise a fraud complaint.,Fraud
My registered email address is showing an error. Please help me complete the request.,General
My PAN verification is under review. Please explain what information I should provide.,Sensitive
My ATM withdrawal is showing an error. I would like to know the procedure.,General
My internet banking password is difficult to access. Can you help me with this banking service.,General
My IMPS transfer was not processed. Can you guide me through the process.,General
I received an alert for a transaction I did not make. I noticed it while reviewing my transaction history. Please help me report the fraud.,Fraud
My net banking login needs clarification. Please explain how this service works.,General
My communication address is taking longer than expected. Please provide the relevant information.,General
My debit card activation is showing an error. What should I do next.,General
My IMPS transfer needs clarification. What should I do next.,General
My account verification is waiting for review. I would like an update on the application.,Sensitive
I received an alert for a transaction I did not make. I noticed it while reviewing my transaction history. Please tell me how to report this immediately.,Fraud
My Aadhaar verification is under review. Please explain what information I should provide.,Sensitive
Money was withdrawn from my account without authorization. I want to make sure no further transactions occur. Please help me raise a fraud complaint.,Fraud
My communication address was not processed. Can you help me with this banking service.,General
There is a suspicious UPI transfer in my account. The transaction appeared this morning. I want to prevent any further unauthorized activity.,Fraud
My registered email address has not been reflected yet. Please explain how this service works.,General
My KYC verification is still pending. Can you tell me why it is pending.,Sensitive
My transaction history is difficult to access. Can you help me with this banking service.,General
Someone used my debit card without my permission. I received the notification while checking my phone. Please tell me how to report this immediately.,Fraud
My registered email address needs to be updated. I would like to know the procedure.,General
My financial document verification is still pending. Please guide me through the required process.,Sensitive
My identity verification is still pending. Please help me complete the process.,Sensitive
My Aadhaar verification was submitted for verification. I need guidance on updating the information.,Sensitive
My bank statement needs to be updated. Please provide the relevant information.,General
My cheque clearance is difficult to access. I need instructions for this service.,General
My Aadhaar verification needs to be updated. Please help me complete the process.,Sensitive
I found an unknown payment in my statement. The payment appeared in my latest statement. Please guide me on the next steps.,Fraud
My home loan application is under review. I need guidance on updating the information.,Sensitive
My NEFT transfer is showing an error. Please provide the relevant information.,General
My bank transfer is showing an error. Can you guide me through the process.,General
Money was withdrawn from my account without authorization. I received the notification while checking my phone. I want to investigate this transaction.,Fraud
I received an alert for a transaction I did not make. The transaction appeared this morning. I need assistance with an unauthorized payment.,Fraud
My mobile banking login is not visible in the app. I need instructions for this service.,General
My banking application is unavailable right now. Can you explain the steps to fix it.,General
My Aadhaar verification is showing as incomplete. Please explain what information I should provide.,Sensitive
Someone transferred money from my account without my approval. The payment appeared in my latest statement. Please help me raise a fraud complaint.,Fraud
There is a suspicious UPI transfer in my account. The amount is not something I authorized. I want to investigate this transaction.,Fraud
My IMPS transfer is not visible in the app. What should I do next.,General
There is a suspicious UPI transfer in my account. I noticed it while reviewing my transaction history. I need assistance with an unauthorized payment.,Fraud
My NRI account KYC is under review. Please tell me which documents are required.,Sensitive
My account balance is not visible in the app. I need instructions for this service.,General
My Aadhaar verification was submitted for verification. Please help me resolve the verification issue.,Sensitive
My Aadhaar verification is still pending. Please tell me which documents are required.,Sensitive
My personal information update was submitted for verification. Can you tell me how long the review may take.,Sensitive
I found an unknown payment in my statement. I want to make sure no further transactions occur. I need to secure my account.,Fraud
My registered mobile number is not visible in the app. I need instructions for this service.,General
My personal loan application needs to be updated. Please explain what information I should provide.,Sensitive
My bank transfer needs clarification. I need instructions for this service.,General
My home loan application is under review. Please explain what information I should provide.,Sensitive
My identity verification was submitted for verification. Can you tell me why it is pending.,Sensitive
My business loan application has not been approved yet. Please explain what information I should provide.,Sensitive
My bank statement was not processed. Please explain how this service works.,General
I believe my card details have been compromised. The transaction appeared this morning. Please tell me how to report this immediately.,Fraud
My NEFT transfer is not working. I would like to know the procedure.,General
Someone transferred money from my account without my approval. I noticed it while reviewing my transaction history. I want to prevent any further unauthorized activity.,Fraud
I received an alert for a transaction I did not make. I have never made this type of payment. Please guide me on the next steps.,Fraud
My mobile banking password is showing an error. Please help me complete the request.,General
My Aadhaar verification requires additional documents. I need guidance on updating the information.,Sensitive
My cheque book request is not working. Can you explain the steps to fix it.,General
My home loan application needs further information. I would like an update on the application.,Sensitive
My identity verification needs further information. Can you tell me why it is pending.,Sensitive
My debit card activation needs to be updated. Can you explain the steps to fix it.,General
I received an alert for a transaction I did not make. I do not know who initiated the transaction. Please help me raise a fraud complaint.,Fraud
I noticed an unauthorized transaction on my account. I received the notification while checking my phone. I want to prevent any further unauthorized activity.,Fraud
My NRI account KYC is under review. I need guidance on updating the information.,Sensitive
My personal information update has not been completed yet. Please help me resolve the verification issue.,Sensitive
Money was withdrawn from my account without authorization. I have never made this type of payment. Please tell me how to block the affected card.,Fraud
My personal information update needs further information. I would like an update on the application.,Sensitive
My transaction history needs clarification. Please provide the relevant information.,General
My registered mobile number is difficult to access. Please help me complete the request.,General
My account balance was not processed. I would like to know the procedure.,General
My personal loan application needs further information. I would like an update on the application.,Sensitive
Someone transferred money from my account without my approval. The amount is not something I authorized. I need assistance with an unauthorized payment.,Fraud
My financial document verification needs to be updated. Please help me resolve the verification issue.,Sensitive
I noticed an unauthorized transaction on my account. I noticed it while reviewing my transaction history. Please help me raise a fraud complaint.,Fraud
My cheque book request is difficult to access. What should I do next.,General
I believe my card details have been compromised. The amount is not something I authorized. Please help me report the fraud.,Fraud
My financial document verification is waiting for review. Can you tell me how long the review may take.,Sensitive
I believe my card details have been compromised. I want to make sure no further transactions occur. Please guide me on the next steps.,Fraud
My IMPS transfer is taking longer than expected. Please tell me how to resolve this.,General
My Aadhaar verification requires additional documents. I would like an update on the application.,Sensitive
My loan documentation has not been approved yet. I need guidance on updating the information.,Sensitive
My loan documentation has not been approved yet. Please help me complete the process.,Sensitive
My account verification is still pending. I would like an update on the application.,Sensitive
My company account verification is showing as incomplete. I need guidance on updating the information.,Sensitive
Someone transferred money from my account without my approval. I want to make sure no further transactions occur. I need to secure my account.,Fraud
My financial document verification needs to be updated. Can you tell me why it is pending.,Sensitive
My financial document verification needs to be updated. Can you tell me how long the review may take.,Sensitive
My salary credit needs to be updated. I need instructions for this service.,General
My cheque book request is showing an error. Please help me complete the request.,General
My NEFT transfer is not visible in the app. Please help me complete the request.,General
My financial document verification requires additional documents. Please help me complete the process.,Sensitive
Someone transferred money from my account without my approval. The amount is not something I authorized. I need to secure my account.,Fraud
My account verification has not been completed yet. I would like an update on the application.,Sensitive
I do not recognize a recent card payment. The amount is not something I authorized. Please help me dispute the transaction.,Fraud
My bank transfer is showing an error. What should I do next.,General
I received an alert for a transaction I did not make. I want to make sure no further transactions occur. Please help me report the fraud.,Fraud
My net banking login is showing an error. Can you help me with this banking service.,General
My IMPS transfer is difficult to access. Please explain how this service works.,General
My financial document verification was submitted for verification. Can you tell me why it is pending.,Sensitive
My account balance is difficult to access. I need instructions for this service.,General
My personal loan application was submitted for verification. Please guide me through the required process.,Sensitive
My bank statement is taking longer than expected. Please explain how this service works.,General
My registered mobile number is difficult to access. I need instructions for this service.,General
My ATM withdrawal is showing an error. I need instructions for this service.,General
I believe my card details have been compromised. I want to make sure no further transactions occur. Please help me dispute the transaction.,Fraud
My ATM PIN is difficult to access. Please explain how this service works.,General
My communication address needs to be updated. I would like to know the procedure.,General
My debit card activation is difficult to access. What should I do next.,General
My loan documentation has not been approved yet. Please tell me which documents are required.,Sensitive
My financial document verification needs further information. Can you tell me why it is pending.,Sensitive
I found an unknown payment in my statement. I received the notification while checking my phone. I want to investigate this transaction.,Fraud
My registered email address was not processed. What should I do next.,General
My bank statement needs clarification. I would like to know the procedure.,General
Someone used my credit card without my permission. I have never made this type of payment. Please tell me how to block the affected card.,Fraud
My internet banking password is difficult to access. I would like to know the procedure.,General
My business loan application needs further information. I would like an update on the application.,Sensitive
My KYC documents has not been completed yet. Can you explain the next steps.,Sensitive
My account balance needs to be updated. What should I do next.,General
My company account verification needs to be updated. Can you tell me why it is pending.,Sensitive
My bank transfer is taking longer than expected. Please explain how this service works.,General
My financial document verification is waiting for review. Please help me resolve the verification issue.,Sensitive
There is a suspicious UPI transfer in my account. I do not know who initiated the transaction. Please tell me how to block the affected card.,Fraud
My bank statement is not working. Please help me complete the request.,General
My NEFT transfer has not been reflected yet. Can you guide me through the process.,General
My KYC verification has not been completed yet. Can you explain the next steps.,Sensitive
My financial document verification was submitted for verification. Please tell me which documents are required.,Sensitive
I found an unknown payment in my statement. The transaction appeared this morning. Please help me raise a fraud complaint.,Fraud
My NEFT transfer needs clarification. Please explain how this service works.,General
My salary credit is difficult to access. Please provide the relevant information.,General
I received an alert for a transaction I did not make. The transaction appeared this morning. Please help me report the fraud.,Fraud
My PAN verification is still pending. Please guide me through the required process.,Sensitive
There is a suspicious UPI transfer in my account. I noticed it while reviewing my transaction history. Please help me report the fraud.,Fraud
Someone used my debit card without my permission. I want to make sure no further transactions occur. I want to investigate this transaction.,Fraud
I received an alert for a transaction I did not make. The payment appeared in my latest statement. I want to investigate this transaction.,Fraud
My salary credit is unavailable right now. Please tell me how to resolve this.,General
My transaction history needs clarification. Can you explain the steps to fix it.,General
There is a suspicious UPI transfer in my account. The amount is not something I authorized. I want to prevent any further unauthorized activity.,Fraud
My PAN verification was submitted for verification. Please help me resolve the verification issue.,Sensitive
There is a suspicious UPI transfer in my account. I received the notification while checking my phone. Please help me raise a fraud complaint.,Fraud
My business loan application requires additional documents. Can you tell me how long the review may take.,Sensitive
My KYC documents is under review. Please guide me through the required process.,Sensitive
Money was withdrawn from my account without authorization. The transaction was made while I had my card with me. I want to prevent any further unauthorized activity.,Fraud
My transaction history is not visible in the app. I would like to know the procedure.,General
My personal information update needs further information. Please help me complete the process.,Sensitive
My banking application is showing an error. I would like to know the procedure.,General
Someone used my debit card without my permission. I noticed it while reviewing my transaction history. I need assistance with an unauthorized payment.,Fraud
My personal loan application requires additional documents. Please guide me through the required process.,Sensitive
I noticed an unauthorized transaction on my account. The payment appeared in my latest statement. Please help me report the fraud.,Fraud
My personal information update is under review. I need guidance on updating the information.,Sensitive
My KYC documents is still pending. I would like an update on the application.,Sensitive
My bank transfer is not working. Can you explain the steps to fix it.,General
My account verification is still pending. Please help me resolve the verification issue.,Sensitive
I found an unknown payment in my statement. I received the notification while checking my phone. Please guide me on the next steps.,Fraud
Someone used my debit card without my permission. I do not know who initiated the transaction. Please tell me how to report this immediately.,Fraud
My banking application needs clarification. Please explain how this service works.,General
My company account verification is showing as incomplete. I would like an update on the application.,Sensitive
Someone transferred money from my account without my approval. I received the notification while checking my phone. Please tell me how to block the affected card.,Fraud
I received an alert for a transaction I did not make. I have never made this type of payment. Please help me raise a fraud complaint.,Fraud
There is a suspicious UPI transfer in my account. I have never made this type of payment. Please help me raise a fraud complaint.,Fraud
My personal loan application is under review. Please explain what information I should provide.,Sensitive
My personal loan application is under review. Can you tell me how long the review may take.,Sensitive
My PAN verification requires additional documents. Please help me resolve the verification issue.,Sensitive
I noticed an unauthorized transaction on my account. I want to make sure no further transactions occur. Please help me report the fraud.,Fraud
I believe my card details have been compromised. The payment appeared in my latest statement. Please help me raise a fraud complaint.,Fraud
My identity verification has not been approved yet. Please help me complete the process.,Sensitive
My debit card activation needs to be updated. I need instructions for this service.,General
My PAN verification is waiting for review. Can you tell me why it is pending.,Sensitive
Someone used my credit card without my permission. The transaction appeared this morning. I need to secure my account.,Fraud
My net banking login needs to be updated. Please explain how this service works.,General
I believe my card details have been compromised. The transaction appeared this morning. I need to secure my account.,Fraud
My registered mobile number needs to be updated. I need instructions for this service.,General
My loan verification is showing as incomplete. Please tell me which documents are required.,Sensitive
My loan documentation has not been approved yet. Can you tell me why it is pending.,Sensitive
My internet banking password needs clarification. Can you help me with this banking service.,General
My communication address has not been reflected yet. Please explain how this service works.,General
I noticed an unauthorized transaction on my account. The payment appeared in my latest statement. I want to investigate this transaction.,Fraud
My KYC verification requires additional documents. Please explain what information I should provide.,Sensitive
Someone used my credit card without my permission. The payment is unfamiliar to me. Please help me dispute the transaction.,Fraud
My KYC verification is waiting for review. I need guidance on updating the information.,Sensitive
My loan documentation was submitted for verification. Can you tell me why it is pending.,Sensitive
My NEFT transfer was not processed. What should I do next.,General
My transaction history was not processed. I need instructions for this service.,General
My account balance is showing an error. Please explain how this service works.,General
I found an unknown payment in my statement. The payment is unfamiliar to me. I want to investigate this transaction.,Fraud
Someone used my credit card without my permission. I want to make sure no further transactions occur. Please tell me how to block the affected card.,Fraud
My loan documentation is under review. Can you tell me why it is pending.,Sensitive
Someone used my credit card without my permission. The payment appeared in my latest statement. I want to prevent any further unauthorized activity.,Fraud
I received an alert for a transaction I did not make. I received the notification while checking my phone. Please guide me on the next steps.,Fraud
My PAN verification needs further information. I need guidance on updating the information.,Sensitive
I found an unknown payment in my statement. The payment is unfamiliar to me. Please help me report the fraud.,Fraud
My loan documentation is under review. Can you explain the next steps.,Sensitive
My company account verification is showing as incomplete. Can you tell me how long the review may take.,Sensitive
My bank statement needs clarification. Can you help me with this banking service.,General
My account verification needs further information. Please guide me through the required process.,Sensitive
My NEFT transfer is not working. Please tell me how to resolve this.,General
There is a suspicious UPI transfer in my account. The payment appeared in my latest statement. Please guide me on the next steps.,Fraud
My registered email address is not working. What should I do next.,General
I found an unknown payment in my statement. I noticed it while reviewing my transaction history. I need to secure my account.,Fraud
I found an unknown payment in my statement. The amount is not something I authorized. Please help me report the fraud.,Fraud
My identity verification requires additional documents. Can you tell me how long the review may take.,Sensitive
I do not recognize a recent card payment. I do not know who initiated the transaction. I want to prevent any further unauthorized activity.,Fraud
My KYC documents is showing as incomplete. Please help me complete the process.,Sensitive
I do not recognize a recent card payment. The payment is unfamiliar to me. I want to prevent any further unauthorized activity.,Fraud
My business loan application needs further information. Please help me resolve the verification issue.,Sensitive
My KYC verification has not been completed yet. Please explain what information I should provide.,Sensitive
My banking application is not working. Please help me complete the request.,General
There is a suspicious UPI transfer in my account. I noticed it while reviewing my transaction history. Please help me dispute the transaction.,Fraud
My account verification was submitted for verification. Can you tell me how long the review may take.,Sensitive
My communication address has not been reflected yet. Please provide the relevant information.,General
My home loan application is showing as incomplete. Can you explain the next steps.,Sensitive
My KYC verification is showing as incomplete. Can you explain the next steps.,Sensitive
Money was withdrawn from my account without authorization. I want to make sure no further transactions occur. Please tell me how to block the affected card.,Fraud
My net banking login needs to be updated. Please provide the relevant information.,General
My net banking login is not visible in the app. Please explain how this service works.,General
My company account verification needs further information. Please explain what information I should provide.,Sensitive
I do not recognize a recent card payment. The payment appeared in my latest statement. Please tell me how to report this immediately.,Fraud
My financial document verification requires additional documents. Please tell me which documents are required.,Sensitive
My transaction history is showing an error. Please explain how this service works.,General
My cheque book request was not processed. Please provide the relevant information.,General
My communication address needs to be updated. Can you explain the steps to fix it.,General
My PAN verification is still pending. Please help me resolve the verification issue.,Sensitive
My company account verification has not been approved yet. Can you explain the next steps.,Sensitive
Money was withdrawn from my account without authorization. The payment appeared in my latest statement. Please help me raise a fraud complaint.,Fraud
My ATM withdrawal was not processed. I would like to know the procedure.,General
My cheque book request is showing an error. Please explain how this service works.,General
Someone transferred money from my account without my approval. I have never made this type of payment. I need to secure my account.,Fraud
My ATM withdrawal is taking longer than expected. Please help me complete the request.,General
My personal information update is waiting for review. I need guidance on updating the information.,Sensitive
Someone used my credit card without my permission. I want to make sure no further transactions occur. I want to prevent any further unauthorized activity.,Fraud
My NRI account KYC needs to be updated. Please help me resolve the verification issue.,Sensitive
My cheque clearance is not visible in the app. Can you guide me through the process.,General
I found an unknown payment in my statement. I want to make sure no further transactions occur. Please guide me on the next steps.,Fraud
I do not recognize a recent card payment. I have never made this type of payment. Please help me raise a fraud complaint.,Fraud
I received an alert for a transaction I did not make. The amount is not something I authorized. Please help me raise a fraud complaint.,Fraud
My net banking login was not processed. Can you help me with this banking service.,General
Someone transferred money from my account without my approval. The payment appeared in my latest statement. I want to prevent any further unauthorized activity.,Fraud
My KYC verification is still pending. Please tell me which documents are required.,Sensitive
My salary credit needs to be updated. Can you guide me through the process.,General
My mobile banking login needs clarification. Can you explain the steps to fix it.,General
My banking application is showing an error. Please explain how this service works.,General
I believe my card details have been compromised. I have never made this type of payment. I need to secure my account.,Fraud
Money was withdrawn from my account without authorization. I noticed it while reviewing my transaction history. Please help me raise a fraud complaint.,Fraud
Someone used my credit card without my permission. I received the notification while checking my phone. I want to investigate this transaction.,Fraud
My registered email address needs clarification. Can you help me with this banking service.,General
My registered email address needs to be updated. Can you help me with this banking service.,General
My mobile banking login needs clarification. Please tell me how to resolve this.,General
My banking application has not been reflected yet. I need instructions for this service.,General
My registered email address is not visible in the app. Please provide the relevant information.,General
My KYC verification is waiting for review. Please explain what information I should provide.,Sensitive
My company account verification needs to be updated. Please help me resolve the verification issue.,Sensitive
My identity verification needs to be updated. Please explain what information I should provide.,Sensitive
My KYC documents is waiting for review. Please help me complete the process.,Sensitive
My loan documentation is waiting for review. Can you tell me why it is pending.,Sensitive
I received an alert for a transaction I did not make. I received the notification while checking my phone. Please tell me how to block the affected card.,Fraud
My home loan application is waiting for review. Please guide me through the required process.,Sensitive
My ATM withdrawal is showing an error. Please explain how this service works.,General
There is a suspicious UPI transfer in my account. I noticed it while reviewing my transaction history. I want to prevent any further unauthorized activity.,Fraud
My internet banking password was not processed. Please provide the relevant information.,General
My cheque book request is not visible in the app. Please explain how this service works.,General
My financial document verification is showing as incomplete. Please help me resolve the verification issue.,Sensitive
My company account verification is under review. Can you tell me why it is pending.,Sensitive
My internet banking password needs clarification. Please tell me how to resolve this.,General
My account balance is taking longer than expected. Please help me complete the request.,General
My Aadhaar verification was submitted for verification. Please explain what information I should provide.,Sensitive
There is a suspicious UPI transfer in my account. The amount is not something I authorized. Please help me raise a fraud complaint.,Fraud
My ATM withdrawal is showing an error. Please tell me how to resolve this.,General
My IMPS transfer is difficult to access. Please provide the relevant information.,General
Money was withdrawn from my account without authorization. I do not know who initiated the transaction. I want to prevent any further unauthorized activity.,Fraud
My company account verification was submitted for verification. Can you explain the next steps.,Sensitive
My bank transfer is unavailable right now. Please explain how this service works.,General
My registered mobile number needs clarification. Please tell me how to resolve this.,General
My loan verification is under review. Can you tell me why it is pending.,Sensitive
I do not recognize a recent card payment. The payment is unfamiliar to me. I need to secure my account.,Fraud
Someone transferred money from my account without my approval. The transaction was made while I had my card with me. Please help me report the fraud.,Fraud
Someone used my credit card without my permission. I want to make sure no further transactions occur. Please help me raise a fraud complaint.,Fraud
My NRI account KYC is still pending. I need guidance on updating the information.,Sensitive
My registered mobile number is not working. Please tell me how to resolve this.,General
My KYC verification is under review. I need guidance on updating the information.,Sensitive
My net banking login is showing an error. Can you explain the steps to fix it.,General
My home loan application is showing as incomplete. Please help me resolve the verification issue.,Sensitive
Someone transferred money from my account without my approval. I do not know who initiated the transaction. Please tell me how to block the affected card.,Fraud
I found an unknown payment in my statement. I noticed it while reviewing my transaction history. Please tell me how to report this immediately.,Fraud
My transaction history is taking longer than expected. I would like to know the procedure.,General
My loan documentation requires additional documents. Can you tell me how long the review may take.,Sensitive
I received an alert for a transaction I did not make. The payment appeared in my latest statement. I want to prevent any further unauthorized activity.,Fraud
I received an alert for a transaction I did not make. The payment is unfamiliar to me. Please tell me how to report this immediately.,Fraud
I do not recognize a recent card payment. I want to make sure no further transactions occur. Please guide me on the next steps.,Fraud
My KYC documents has not been completed yet. Please explain what information I should provide.,Sensitive
My debit card activation was not processed. Please explain how this service works.,General
My personal information update is under review. Please tell me which documents are required.,Sensitive
Someone used my credit card without my permission. I have never made this type of payment. Please guide me on the next steps.,Fraud
My company account verification needs further information. Can you explain the next steps.,Sensitive
My KYC documents is waiting for review. I would like an update on the application.,Sensitive
My home loan application was submitted for verification. Please explain what information I should provide.,Sensitive
My company account verification is still pending. Can you tell me why it is pending.,Sensitive
My NRI account KYC was submitted for verification. Please tell me which documents are required.,Sensitive
I do not recognize a recent card payment. I want to make sure no further transactions occur. Please tell me how to report this immediately.,Fraud
My mobile banking password has not been reflected yet. Can you explain the steps to fix it.,General
My ATM withdrawal is not working. I would like to know the procedure.,General
I believe my card details have been compromised. The payment appeared in my latest statement. Please help me report the fraud.,Fraud
My KYC verification requires additional documents. I need guidance on updating the information.,Sensitive
I received an alert for a transaction I did not make. I do not know who initiated the transaction. I need to secure my account.,Fraud
Someone used my credit card without my permission. I received the notification while checking my phone. Please help me report the fraud.,Fraud
There is a suspicious UPI transfer in my account. I noticed it while reviewing my transaction history. I want to investigate this transaction.,Fraud
My loan documentation is under review. Please guide me through the required process.,Sensitive
My net banking login is not working. Please help me complete the request.,General
My personal loan application needs to be updated. Can you tell me why it is pending.,Sensitive
My transaction history is unavailable right now. Can you explain the steps to fix it.,General
My personal information update is waiting for review. Can you explain the next steps.,Sensitive
My bank transfer is unavailable right now. Please tell me how to resolve this.,General
My loan verification is waiting for review. Please help me resolve the verification issue.,Sensitive
My account verification has not been approved yet. Please tell me which documents are required.,Sensitive
My registered email address is not visible in the app. Please help me complete the request.,General
I believe my card details have been compromised. I received the notification while checking my phone. I need to secure my account.,Fraud
My registered mobile number is taking longer than expected. What should I do next.,General
I do not recognize a recent card payment. The transaction appeared this morning. Please help me raise a fraud complaint.,Fraud
I believe my card details have been compromised. I noticed it while reviewing my transaction history. I need to secure my account.,Fraud
I received an alert for a transaction I did not make. The payment is unfamiliar to me. Please tell me how to block the affected card.,Fraud
My Aadhaar verification has not been completed yet. Please help me complete the process.,Sensitive
My NRI account KYC needs to be updated. Can you tell me why it is pending.,Sensitive
My cheque book request is showing an error. Can you explain the steps to fix it.,General
I received an alert for a transaction I did not make. I received the notification while checking my phone. I need assistance with an unauthorized payment.,Fraud
My NRI account KYC was submitted for verification. Can you tell me how long the review may take.,Sensitive
There is a suspicious UPI transfer in my account. The payment appeared in my latest statement. Please help me report the fraud.,Fraud
I found an unknown payment in my statement. The payment is unfamiliar to me. I want to prevent any further unauthorized activity.,Fraud
My Aadhaar verification is showing as incomplete. Can you explain the next steps.,Sensitive
My KYC verification has not been completed yet. Please help me resolve the verification issue.,Sensitive
My KYC verification is waiting for review. Please help me resolve the verification issue.,Sensitive
My net banking login is unavailable right now. Can you help me with this banking service.,General
My communication address needs to be updated. Please help me complete the request.,General
My account verification has not been approved yet. Can you tell me why it is pending.,Sensitive
My bank transfer is not visible in the app. Can you explain the steps to fix it.,General
My KYC documents has not been approved yet. Please help me complete the process.,Sensitive
My debit card activation is not working. Please tell me how to resolve this.,General
Someone transferred money from my account without my approval. I want to make sure no further transactions occur. I want to prevent any further unauthorized activity.,Fraud
I noticed an unauthorized transaction on my account. The amount is not something I authorized. Please help me dispute the transaction.,Fraud
There is a suspicious UPI transfer in my account. The payment appeared in my latest statement. Please tell me how to block the affected card.,Fraud
Someone used my credit card without my permission. The payment is unfamiliar to me. Please guide me on the next steps.,Fraud
My account balance needs to be updated. I would like to know the procedure.,General
My loan documentation needs to be updated. Please explain what information I should provide.,Sensitive
My transaction history is not visible in the app. What should I do next.,General
Someone transferred money from my account without my approval. The transaction appeared this morning. I need assistance with an unauthorized payment.,Fraud
My identity verification is under review. Please tell me which documents are required.,Sensitive
My loan documentation needs to be updated. Can you tell me how long the review may take.,Sensitive
My account verification is still pending. Please help me complete the process.,Sensitive
My cheque clearance needs to be updated. Can you explain the steps to fix it.,General
My transaction history was not processed. Can you explain the steps to fix it.,General
My bank statement is showing an error. I need instructions for this service.,General
I noticed an unauthorized transaction on my account. The transaction was made while I had my card with me. Please help me dispute the transaction.,Fraud
My Aadhaar verification is waiting for review. Can you tell me how long the review may take.,Sensitive
My personal loan application is under review. Please guide me through the required process.,Sensitive
My loan documentation needs further information. Please explain what information I should provide.,Sensitive
My net banking login is not working. What should I do next.,General
Someone used my credit card without my permission. I noticed it while reviewing my transaction history. I want to investigate this transaction.,Fraud
I found an unknown payment in my statement. The amount is not something I authorized. Please guide me on the next steps.,Fraud
My KYC verification is still pending. I need guidance on updating the information.,Sensitive
My loan documentation is waiting for review. I would like an update on the application.,Sensitive
There is a suspicious UPI transfer in my account. I received the notification while checking my phone. Please guide me on the next steps.,Fraud
My transaction history is taking longer than expected. Please help me complete the request.,General
My home loan application is still pending. Please help me complete the process.,Sensitive
My home loan application is under review. Please guide me through the required process.,Sensitive
My company account verification is under review. I would like an update on the application.,Sensitive
My KYC documents needs to be updated. Please explain what information I should provide.,Sensitive
I do not recognize a recent card payment. The transaction was made while I had my card with me. Please guide me on the next steps.,Fraud
My cheque book request needs to be updated. Can you explain the steps to fix it.,General
My mobile banking password is unavailable right now. Please tell me how to resolve this.,General
My KYC documents requires additional documents. Can you tell me why it is pending.,Sensitive
My KYC verification has not been completed yet. Please guide me through the required process.,Sensitive
My cheque clearance needs clarification. I would like to know the procedure.,General
My financial document verification needs to be updated. Please tell me which documents are required.,Sensitive
My NEFT transfer has not been reflected yet. Can you help me with this banking service.,General
My bank statement is unavailable right now. Can you help me with this banking service.,General
My IMPS transfer is difficult to access. Please help me complete the request.,General
I received an alert for a transaction I did not make. I received the notification while checking my phone. Please help me raise a fraud complaint.,Fraud
My personal information update is showing as incomplete. Please explain what information I should provide.,Sensitive
Someone used my credit card without my permission. The payment is unfamiliar to me. Please help me report the fraud.,Fraud
My Aadhaar verification is still pending. I would like an update on the application.,Sensitive
Someone transferred money from my account without my approval. I want to make sure no further transactions occur. Please guide me on the next steps.,Fraud
I noticed an unauthorized transaction on my account. The payment is unfamiliar to me. Please guide me on the next steps.,Fraud
There is a suspicious UPI transfer in my account. I do not know who initiated the transaction. Please guide me on the next steps.,Fraud
My bank statement is not visible in the app. I would like to know the procedure.,General
My business loan application is under review. I would like an update on the application.,Sensitive
My debit card activation is taking longer than expected. Please explain how this service works.,General
Someone transferred money from my account without my approval. The transaction appeared this morning. Please help me report the fraud.,Fraud
My registered mobile number is unavailable right now. Can you help me with this banking service.,General
There is a suspicious UPI transfer in my account. I have never made this type of payment. I want to investigate this transaction.,Fraud
My NEFT transfer is difficult to access. Can you help me with this banking service.,General
My communication address is showing an error. I would like to know the procedure.,General
My financial document verification is waiting for review. I need guidance on updating the information.,Sensitive
My financial document verification needs further information. Please help me complete the process.,Sensitive
My NRI account KYC was submitted for verification. Can you tell me why it is pending.,Sensitive
My business loan application is waiting for review. Please tell me which documents are required.,Sensitive
My personal loan application is still pending. I need guidance on updating the information.,Sensitive
My financial document verification is showing as incomplete. Can you tell me how long the review may take.,Sensitive
Someone used my debit card without my permission. The transaction was made while I had my card with me. I need to secure my account.,Fraud
I received an alert for a transaction I did not make. I do not know who initiated the transaction. I need assistance with an unauthorized payment.,Fraud
I received an alert for a transaction I did not make. The payment appeared in my latest statement. Please guide me on the next steps.,Fraud
My identity verification is under review. I would like an update on the application.,Sensitive
I found an unknown payment in my statement. I have never made this type of payment. Please help me report the fraud.,Fraud
I believe my card details have been compromised. I noticed it while reviewing my transaction history. I want to investigate this transaction.,Fraud
Someone transferred money from my account without my approval. I noticed it while reviewing my transaction history. Please tell me how to block the affected card.,Fraud
There is a suspicious UPI transfer in my account. The payment is unfamiliar to me. Please tell me how to report this immediately.,Fraud
My Aadhaar verification is showing as incomplete. Please tell me which documents are required.,Sensitive
Someone used my debit card without my permission. I noticed it while reviewing my transaction history. Please help me dispute the transaction.,Fraud
There is a suspicious UPI transfer in my account. The payment appeared in my latest statement. I need assistance with an unauthorized payment.,Fraud
My KYC documents is under review. Can you tell me how long the review may take.,Sensitive
My loan documentation is still pending. Can you tell me how long the review may take.,Sensitive
I received an alert for a transaction I did not make. I want to make sure no further transactions occur. Please tell me how to block the affected card.,Fraud
My account balance is unavailable right now. What should I do next.,General
My loan documentation needs to be updated. I need guidance on updating the information.,Sensitive
I do not recognize a recent card payment. The payment is unfamiliar to me. Please tell me how to report this immediately.,Fraud
My cheque clearance is showing an error. Please help me complete the request.,General
My personal loan application needs to be updated. Please help me complete the process.,Sensitive
My identity verification was submitted for verification. Please tell me which documents are required.,Sensitive
My transaction history is not visible in the app. Can you explain the steps to fix it.,General
My salary credit is taking longer than expected. Please provide the relevant information.,General
My financial document verification is under review. Can you tell me why it is pending.,Sensitive
My financial document verification is showing as incomplete. I would like an update on the application.,Sensitive
My internet banking password is taking longer than expected. Can you help me with this banking service.,General
My personal loan application is showing as incomplete. Please help me complete the process.,Sensitive
I received an alert for a transaction I did not make. The transaction was made while I had my card with me. Please help me report the fraud.,Fraud
My NEFT transfer needs to be updated. Please tell me how to resolve this.,General
My mobile banking password has not been reflected yet. I need instructions for this service.,General
My banking application is unavailable right now. Please provide the relevant information.,General
My home loan application requires additional documents. Please help me resolve the verification issue.,Sensitive
There is a suspicious UPI transfer in my account. The payment is unfamiliar to me. Please help me dispute the transaction.,Fraud
My personal information update is waiting for review. Can you tell me why it is pending.,Sensitive
I received an alert for a transaction I did not make. I received the notification while checking my phone. I want to investigate this transaction.,Fraud
My identity verification was submitted for verification. I would like an update on the application.,Sensitive
My account verification is under review. Can you tell me how long the review may take.,Sensitive
I received an alert for a transaction I did not make. I do not know who initiated the transaction. I want to investigate this transaction.,Fraud
Someone used my credit card without my permission. I received the notification while checking my phone. Please tell me how to report this immediately.,Fraud
My home loan application needs further information. Please help me complete the process.,Sensitive
Money was withdrawn from my account without authorization. I have never made this type of payment. Please help me raise a fraud complaint.,Fraud
My loan verification needs to be updated. Can you tell me why it is pending.,Sensitive
My loan verification needs to be updated. I need guidance on updating the information.,Sensitive
My personal loan application is still pending. Can you explain the next steps.,Sensitive
I found an unknown payment in my statement. I noticed it while reviewing my transaction history. I need assistance with an unauthorized payment.,Fraud
My NEFT transfer is difficult to access. Please explain how this service works.,General
Someone transferred money from my account without my approval. The transaction appeared this morning. Please help me raise a fraud complaint.,Fraud
I do not recognize a recent card payment. I do not know who initiated the transaction. I need to secure my account.,Fraud
My registered mobile number is unavailable right now. Please provide the relevant information.,General
I believe my card details have been compromised. The transaction was made while I had my card with me. Please help me dispute the transaction.,Fraud
My business loan application needs to be updated. Please explain what information I should provide.,Sensitive
I noticed an unauthorized transaction on my account. The payment appeared in my latest statement. I want to prevent any further unauthorized activity.,Fraud
My NRI account KYC has not been completed yet. Please explain what information I should provide.,Sensitive
My bank transfer is difficult to access. Can you explain the steps to fix it.,General
My ATM PIN is taking longer than expected. Please tell me how to resolve this.,General
My NEFT transfer is taking longer than expected. Please tell me how to resolve this.,General
My Aadhaar verification requires additional documents. Please help me complete the process.,Sensitive
I noticed an unauthorized transaction on my account. The payment is unfamiliar to me. I want to prevent any further unauthorized activity.,Fraud
I noticed an unauthorized transaction on my account. The transaction was made while I had my card with me. I need assistance with an unauthorized payment.,Fraud
My ATM PIN is taking longer than expected. I need instructions for this service.,General
I do not recognize a recent card payment. I want to make sure no further transactions occur. I need to secure my account.,Fraud
My cheque book request is taking longer than expected. Please explain how this service works.,General
I believe my card details have been compromised. I have never made this type of payment. Please tell me how to report this immediately.,Fraud
My KYC documents was submitted for verification. Can you tell me how long the review may take.,Sensitive
My cheque clearance is not working. I would like to know the procedure.,General
Someone used my debit card without my permission. I want to make sure no further transactions occur. Please help me raise a fraud complaint.,Fraud
Money was withdrawn from my account without authorization. The payment is unfamiliar to me. I want to prevent any further unauthorized activity.,Fraud
I noticed an unauthorized transaction on my account. I received the notification while checking my phone. Please help me report the fraud.,Fraud
I do not recognize a recent card payment. I received the notification while checking my phone. I need to secure my account.,Fraud
Someone transferred money from my account without my approval. I want to make sure no further transactions occur. Please tell me how to block the affected card.,Fraud
My account verification is waiting for review. Please help me resolve the verification issue.,Sensitive
I believe my card details have been compromised. The payment appeared in my latest statement. Please guide me on the next steps.,Fraud
Money was withdrawn from my account without authorization. The transaction appeared this morning. Please help me raise a fraud complaint.,Fraud
My account verification requires additional documents. Can you explain the next steps.,Sensitive
My Aadhaar verification is under review. I need guidance on updating the information.,Sensitive
My identity verification has not been completed yet. I would like an update on the application.,Sensitive
My company account verification is under review. I need guidance on updating the information.,Sensitive
I believe my card details have been compromised. I noticed it while reviewing my transaction history. Please tell me how to report this immediately.,Fraud
I do not recognize a recent card payment. The payment appeared in my latest statement. Please help me dispute the transaction.,Fraud
There is a suspicious UPI transfer in my account. The transaction appeared this morning. I need assistance with an unauthorized payment.,Fraud
My cheque clearance was not processed. I need instructions for this service.,General
My bank statement is showing an error. Please provide the relevant information.,General
My IMPS transfer needs to be updated. Please explain how this service works.,General
I received an alert for a transaction I did not make. The transaction appeared this morning. I want to investigate this transaction.,Fraud
My net banking login needs clarification. Please help me complete the request.,General
My NEFT transfer is not working. Please explain how this service works.,General
My identity verification has not been approved yet. Can you tell me why it is pending.,Sensitive
I found an unknown payment in my statement. I do not know who initiated the transaction. Please help me dispute the transaction.,Fraud
I found an unknown payment in my statement. I want to make sure no further transactions occur. Please tell me how to block the affected card.,Fraud
My cheque clearance is unavailable right now. Please explain how this service works.,General
Money was withdrawn from my account without authorization. I received the notification while checking my phone. Please help me raise a fraud complaint.,Fraud
I do not recognize a recent card payment. I do not know who initiated the transaction. Please help me dispute the transaction.,Fraud
There is a suspicious UPI transfer in my account. The transaction was made while I had my card with me. Please help me report the fraud.,Fraud
My ATM withdrawal needs clarification. I would like to know the procedure.,General
My company account verification needs further information. Please help me resolve the verification issue.,Sensitive
Someone used my debit card without my permission. The payment appeared in my latest statement. Please tell me how to block the affected card.,Fraud
My account balance is difficult to access. What should I do next.,General
My bank transfer is not working. Please explain how this service works.,General
Someone used my debit card without my permission. I want to make sure no further transactions occur. Please help me report the fraud.,Fraud
I noticed an unauthorized transaction on my account. I noticed it while reviewing my transaction history. I want to investigate this transaction.,Fraud
My KYC documents needs further information. I need guidance on updating the information.,Sensitive
I received an alert for a transaction I did not make. I want to make sure no further transactions occur. I need assistance with an unauthorized payment.,Fraud
My mobile banking password is taking longer than expected. Can you guide me through the process.,General
I found an unknown payment in my statement. The payment is unfamiliar to me. I need assistance with an unauthorized payment.,Fraud
There is a suspicious UPI transfer in my account. I received the notification while checking my phone. I want to investigate this transaction.,Fraud
My Aadhaar verification needs further information. Please help me complete the process.,Sensitive
My PAN verification requires additional documents. Can you explain the next steps.,Sensitive
My company account verification requires additional documents. I need guidance on updating the information.,Sensitive
My debit card activation is taking longer than expected. Please provide the relevant information.,General
My financial document verification is waiting for review. Please explain what information I should provide.,Sensitive
My debit card activation was not processed. Please help me complete the request.,General
Someone transferred money from my account without my approval. I want to make sure no further transactions occur. Please help me dispute the transaction.,Fraud
Someone used my debit card without my permission. The transaction appeared this morning. Please help me report the fraud.,Fraud
My personal loan application is still pending. Please guide me through the required process.,Sensitive
I found an unknown payment in my statement. I do not know who initiated the transaction. Please help me raise a fraud complaint.,Fraud
Someone used my debit card without my permission. The transaction was made while I had my card with me. I need assistance with an unauthorized payment.,Fraud
My account verification is showing as incomplete. Please explain what information I should provide.,Sensitive
My loan verification is still pending. Please guide me through the required process.,Sensitive
My business loan application is showing as incomplete. Can you explain the next steps.,Sensitive
My cheque book request needs clarification. Can you help me with this banking service.,General
Someone used my debit card without my permission. I have never made this type of payment. Please tell me how to report this immediately.,Fraud
My financial document verification is showing as incomplete. Can you tell me why it is pending.,Sensitive
My personal information update is still pending. Please help me complete the process.,Sensitive
My cheque book request has not been reflected yet. Please help me complete the request.,General
My personal information update has not been completed yet. Can you explain the next steps.,Sensitive
My internet banking password needs clarification. Please explain how this service works.,General
I believe my card details have been compromised. The payment is unfamiliar to me. Please help me raise a fraud complaint.,Fraud
My NEFT transfer is unavailable right now. Please explain how this service works.,General
My company account verification requires additional documents. Please guide me through the required process.,Sensitive
My NEFT transfer is not visible in the app. Please explain how this service works.,General
Money was withdrawn from my account without authorization. The transaction appeared this morning. I need assistance with an unauthorized payment.,Fraud
My identity verification is still pending. I need guidance on updating the information.,Sensitive
My banking application is not working. Can you guide me through the process.,General
My company account verification needs further information. Please guide me through the required process.,Sensitive
My financial document verification was submitted for verification. Please help me complete the process.,Sensitive
My home loan application requires additional documents. Can you tell me why it is pending.,Sensitive
Money was withdrawn from my account without authorization. I noticed it while reviewing my transaction history. I want to prevent any further unauthorized activity.,Fraud
Money was withdrawn from my account without authorization. The payment is unfamiliar to me. Please tell me how to block the affected card.,Fraud
My identity verification requires additional documents. I would like an update on the application.,Sensitive
My cheque book request is not working. I need instructions for this service.,General
There is a suspicious UPI transfer in my account. I do not know who initiated the transaction. Please help me dispute the transaction.,Fraud
I noticed an unauthorized transaction on my account. I received the notification while checking my phone. Please tell me how to report this immediately.,Fraud
Someone used my credit card without my permission. I want to make sure no further transactions occur. I need assistance with an unauthorized payment.,Fraud
My registered email address is unavailable right now. Please explain how this service works.,General
I believe my card details have been compromised. The payment appeared in my latest statement. I want to prevent any further unauthorized activity.,Fraud
My salary credit is showing an error. Can you help me with this banking service.,General
Someone used my debit card without my permission. The amount is not something I authorized. Please help me dispute the transaction.,Fraud
My ATM withdrawal is unavailable right now. Can you help me with this banking service.,General
I noticed an unauthorized transaction on my account. The transaction was made while I had my card with me. I want to investigate this transaction.,Fraud
My bank transfer is not working. What should I do next.,General
My salary credit is unavailable right now. I would like to know the procedure.,General
There is a suspicious UPI transfer in my account. I received the notification while checking my phone. Please tell me how to block the affected card.,Fraud
Money was withdrawn from my account without authorization. I do not know who initiated the transaction. Please tell me how to block the affected card.,Fraud
My account verification is showing as incomplete. I would like an update on the application.,Sensitive
My personal loan application was submitted for verification. Can you tell me why it is pending.,Sensitive
Money was withdrawn from my account without authorization. The transaction was made while I had my card with me. I want to investigate this transaction.,Fraud
My identity verification is waiting for review. I would like an update on the application.,Sensitive
Someone used my credit card without my permission. The payment appeared in my latest statement. Please help me raise a fraud complaint.,Fraud
My account balance is not working. Please help me complete the request.,General
My registered mobile number has not been reflected yet. Can you guide me through the process.,General
My financial document verification requires additional documents. I need guidance on updating the information.,Sensitive
My IMPS transfer was not processed. Please provide the relevant information.,General
My KYC verification is waiting for review. Can you tell me why it is pending.,Sensitive
There is a suspicious UPI transfer in my account. I noticed it while reviewing my transaction history. Please tell me how to block the affected card.,Fraud
My identity verification has not been completed yet. Can you tell me why it is pending.,Sensitive
My debit card activation needs to be updated. Can you help me with this banking service.,General
I do not recognize a recent card payment. I received the notification while checking my phone. Please help me raise a fraud complaint.,Fraud
My identity verification is under review. I need guidance on updating the information.,Sensitive
My bank statement has not been reflected yet. Please explain how this service works.,General
My business loan application needs further information. I need guidance on updating the information.,Sensitive
My communication address has not been reflected yet. Please help me complete the request.,General
My loan documentation needs to be updated. Please tell me which documents are required.,Sensitive
My PAN verification needs to be updated. Please explain what information I should provide.,Sensitive
I found an unknown payment in my statement. I received the notification while checking my phone. Please tell me how to report this immediately.,Fraud
My bank transfer was not processed. What should I do next.,General
My PAN verification needs further information. Please help me complete the process.,Sensitive
My home loan application is waiting for review. Please tell me which documents are required.,Sensitive
My bank statement is not working. I would like to know the procedure.,General
My KYC documents is waiting for review. Please explain what information I should provide.,Sensitive
My personal loan application is still pending. Please explain what information I should provide.,Sensitive
My transaction history needs clarification. Please tell me how to resolve this.,General
I do not recognize a recent card payment. I have never made this type of payment. Please help me report the fraud.,Fraud
My home loan application is still pending. Please guide me through the required process.,Sensitive
My company account verification has not been approved yet. Can you tell me how long the review may take.,Sensitive
My mobile banking login was not processed. What should I do next.,General
Someone transferred money from my account without my approval. The transaction was made while I had my card with me. I need to secure my account.,Fraud
My identity verification is showing as incomplete. Please explain what information I should provide.,Sensitive
My PAN verification is waiting for review. I need guidance on updating the information.,Sensitive
Someone used my credit card without my permission. I received the notification while checking my phone. I need assistance with an unauthorized payment.,Fraud
My bank statement is not visible in the app. Please help me complete the request.,General
My cheque clearance is not visible in the app. Can you explain the steps to fix it.,General
My bank transfer needs to be updated. Please help me complete the request.,General
Someone transferred money from my account without my approval. The payment appeared in my latest statement. Please help me report the fraud.,Fraud
My communication address is difficult to access. I would like to know the procedure.,General
Someone used my debit card without my permission. The payment appeared in my latest statement. I need to secure my account.,Fraud
My transaction history was not processed. Please tell me how to resolve this.,General
My home loan application has not been approved yet. Please guide me through the required process.,Sensitive
I believe my card details have been compromised. The amount is not something I authorized. I need to secure my account.,Fraud
My KYC verification is still pending. I would like an update on the application.,Sensitive
My ATM PIN is difficult to access. What should I do next.,General
My debit card activation is not working. Can you guide me through the process.,General
My NEFT transfer is unavailable right now. What should I do next.,General
My registered email address was not processed. Can you explain the steps to fix it.,General
I received an alert for a transaction I did not make. I noticed it while reviewing my transaction history. I want to investigate this transaction.,Fraud
My KYC verification needs further information. Please guide me through the required process.,Sensitive
My account balance has not been reflected yet. Please provide the relevant information.,General
Money was withdrawn from my account without authorization. The transaction appeared this morning. Please guide me on the next steps.,Fraud
My mobile banking login needs clarification. Can you help me with this banking service.,General
Someone transferred money from my account without my approval. I do not know who initiated the transaction. Please help me dispute the transaction.,Fraud
My IMPS transfer needs clarification. Please explain how this service works.,General
My bank transfer is unavailable right now. Please help me complete the request.,General
I do not recognize a recent card payment. I do not know who initiated the transaction. I want to investigate this transaction.,Fraud
I believe my card details have been compromised. The payment appeared in my latest statement. Please help me dispute the transaction.,Fraud
Someone used my credit card without my permission. The payment appeared in my latest statement. Please help me dispute the transaction.,Fraud
My loan verification is under review. Please explain what information I should provide.,Sensitive
My loan verification has not been approved yet. Please guide me through the required process.,Sensitive
My loan documentation is showing as incomplete. Please explain what information I should provide.,Sensitive
My business loan application is under review. Please help me complete the process.,Sensitive
My registered email address is taking longer than expected. I would like to know the procedure.,General
My loan documentation is showing as incomplete. Please help me complete the process.,Sensitive
My KYC documents has not been approved yet. I need guidance on updating the information.,Sensitive
Someone used my credit card without my permission. I have never made this type of payment. Please tell me how to report this immediately.,Fraud
My NEFT transfer is taking longer than expected. Please explain how this service works.,General
My PAN verification was submitted for verification. Can you tell me why it is pending.,Sensitive
I believe my card details have been compromised. The payment appeared in my latest statement. I need assistance with an unauthorized payment.,Fraud
I believe my card details have been compromised. The amount is not something I authorized. Please guide me on the next steps.,Fraud
My PAN verification is still pending. Can you tell me how long the review may take.,Sensitive
My cheque book request is unavailable right now. Can you explain the steps to fix it.,General
My personal loan application requires additional documents. I would like an update on the application.,Sensitive
My bank statement is not working. Please tell me how to resolve this.,General
I noticed an unauthorized transaction on my account. The transaction was made while I had my card with me. I want to prevent any further unauthorized activity.,Fraud
Someone used my credit card without my permission. The payment is unfamiliar to me. I want to investigate this transaction.,Fraud
I do not recognize a recent card payment. I do not know who initiated the transaction. I need assistance with an unauthorized payment.,Fraud
I believe my card details have been compromised. The amount is not something I authorized. Please tell me how to block the affected card.,Fraud
My company account verification is still pending. I would like an update on the application.,Sensitive
My NRI account KYC needs to be updated. Please help me complete the process.,Sensitive
My transaction history is not visible in the app. Please provide the relevant information.,General
I do not recognize a recent card payment. I received the notification while checking my phone. I need assistance with an unauthorized payment.,Fraud
My registered email address is not working. I need instructions for this service.,General
I do not recognize a recent card payment. The transaction was made while I had my card with me. Please tell me how to block the affected card.,Fraud
My KYC verification is showing as incomplete. Please tell me which documents are required.,Sensitive
My net banking login is not visible in the app. I would like to know the procedure.,General
My debit card activation needs to be updated. Please provide the relevant information.,General
My banking application is showing an error. I need instructions for this service.,General
I received an alert for a transaction I did not make. I have never made this type of payment. Please help me dispute the transaction.,Fraud
Someone used my credit card without my permission. The amount is not something I authorized. Please tell me how to block the affected card.,Fraud
Someone used my credit card without my permission. I received the notification while checking my phone. Please guide me on the next steps.,Fraud
My ATM withdrawal is unavailable right now. I would like to know the procedure.,General
My account verification has not been completed yet. Please guide me through the required process.,Sensitive
My KYC verification was submitted for verification. Please tell me which documents are required.,Sensitive
My KYC documents was submitted for verification. Can you tell me why it is pending.,Sensitive
Money was withdrawn from my account without authorization. I want to make sure no further transactions occur. I want to investigate this transaction.,Fraud
My banking application is taking longer than expected. Please provide the relevant information.,General
Someone used my credit card without my permission. The transaction appeared this morning. I want to prevent any further unauthorized activity.,Fraud
My personal loan application has not been approved yet. Please guide me through the required process.,Sensitive
My communication address is not visible in the app. I would like to know the procedure.,General
My KYC verification has not been approved yet. I need guidance on updating the information.,Sensitive
I received an alert for a transaction I did not make. I have never made this type of payment. I want to prevent any further unauthorized activity.,Fraud
I received an alert for a transaction I did not make. The payment appeared in my latest statement. Please help me dispute the transaction.,Fraud
I noticed an unauthorized transaction on my account. The transaction appeared this morning. Please help me dispute the transaction.,Fraud
My home loan application is still pending. Please explain what information I should provide.,Sensitive
Someone transferred money from my account without my approval. I noticed it while reviewing my transaction history. I need assistance with an unauthorized payment.,Fraud
I noticed an unauthorized transaction on my account. I noticed it while reviewing my transaction history. Please help me dispute the transaction.,Fraud
My ATM PIN needs to be updated. Please tell me how to resolve this.,General
I do not recognize a recent card payment. The transaction appeared this morning. I want to prevent any further unauthorized activity.,Fraud
My bank transfer is not visible in the app. What should I do next.,General
My banking application is difficult to access. Can you explain the steps to fix it.,General
I received an alert for a transaction I did not make. The amount is not something I authorized. I need to secure my account.,Fraud
My internet banking password needs clarification. Please help me complete the request.,General
My account verification is still pending. I need guidance on updating the information.,Sensitive
I received an alert for a transaction I did not make. I want to make sure no further transactions occur. Please help me dispute the transaction.,Fraud
There is a suspicious UPI transfer in my account. The transaction was made while I had my card with me. I want to investigate this transaction.,Fraud
My ATM PIN needs to be updated. I would like to know the procedure.,General
Someone used my debit card without my permission. I have never made this type of payment. I want to prevent any further unauthorized activity.,Fraud
Someone used my credit card without my permission. The payment is unfamiliar to me. Please tell me how to block the affected card.,Fraud
I believe my card details have been compromised. The transaction was made while I had my card with me. Please tell me how to report this immediately.,Fraud
Someone used my credit card without my permission. The transaction was made while I had my card with me. Please guide me on the next steps.,Fraud
My loan documentation has not been completed yet. Can you tell me how long the review may take.,Sensitive
I received an alert for a transaction I did not make. I want to make sure no further transactions occur. Please tell me how to report this immediately.,Fraud
My NEFT transfer needs to be updated. Can you guide me through the process.,General
My mobile banking password needs clarification. Please explain how this service works.,General
My KYC documents needs to be updated. Can you tell me how long the review may take.,Sensitive
My account balance is showing an error. I need instructions for this service.,General
I noticed an unauthorized transaction on my account. I want to make sure no further transactions occur. I need to secure my account.,Fraud
Someone transferred money from my account without my approval. The payment appeared in my latest statement. I need assistance with an unauthorized payment.,Fraud
My Aadhaar verification is under review. Can you tell me how long the review may take.,Sensitive
Someone used my debit card without my permission. I have never made this type of payment. Please help me dispute the transaction.,Fraud
My company account verification needs further information. Please help me complete the process.,Sensitive
My cheque book request is not working. Please explain how this service works.,General
My transaction history is showing an error. Can you help me with this banking service.,General
My loan verification requires additional documents. Please guide me through the required process.,Sensitive
There is a suspicious UPI transfer in my account. The transaction appeared this morning. I need to secure my account.,Fraud
My personal information update is still pending. Can you explain the next steps.,Sensitive
Someone used my debit card without my permission. The amount is not something I authorized. Please help me raise a fraud complaint.,Fraud
My communication address has not been reflected yet. Can you guide me through the process.,General
My PAN verification has not been completed yet. Please explain what information I should provide.,Sensitive
My KYC documents has not been approved yet. Can you tell me how long the review may take.,Sensitive
My account verification is still pending. Can you explain the next steps.,Sensitive
My business loan application is showing as incomplete. Please help me complete the process.,Sensitive
I do not recognize a recent card payment. I received the notification while checking my phone. Please tell me how to report this immediately.,Fraud
My KYC documents needs further information. Can you explain the next steps.,Sensitive
Money was withdrawn from my account without authorization. I received the notification while checking my phone. Please guide me on the next steps.,Fraud
Money was withdrawn from my account without authorization. The payment appeared in my latest statement. I need to secure my account.,Fraud
Someone transferred money from my account without my approval. I do not know who initiated the transaction. Please help me raise a fraud complaint.,Fraud
My ATM withdrawal is not working. Can you help me with this banking service.,General
I found an unknown payment in my statement. The amount is not something I authorized. I want to investigate this transaction.,Fraud
My bank transfer needs clarification. What should I do next.,General
My KYC documents requires additional documents. Can you explain the next steps.,Sensitive
I received an alert for a transaction I did not make. I do not know who initiated the transaction. Please guide me on the next steps.,Fraud
Someone used my debit card without my permission. The transaction was made while I had my card with me. I want to investigate this transaction.,Fraud
My account verification was submitted for verification. Can you explain the next steps.,Sensitive
Someone used my debit card without my permission. The payment is unfamiliar to me. Please help me raise a fraud complaint.,Fraud
I noticed an unauthorized transaction on my account. I have never made this type of payment. Please tell me how to block the affected card.,Fraud
My KYC documents is showing as incomplete. Can you tell me why it is pending.,Sensitive
My home loan application is showing as incomplete. Please explain what information I should provide.,Sensitive
My internet banking password is not visible in the app. What should I do next.,General
My ATM PIN is difficult to access. Can you explain the steps to fix it.,General
I received an alert for a transaction I did not make. The amount is not something I authorized. Please tell me how to report this immediately.,Fraud
Someone used my debit card without my permission. The transaction was made while I had my card with me. Please help me dispute the transaction.,Fraud
My financial document verification is under review. Please help me complete the process.,Sensitive
My PAN verification needs to be updated. I need guidance on updating the information.,Sensitive
Money was withdrawn from my account without authorization. I received the notification while checking my phone. I need to secure my account.,Fraud
My mobile banking login is unavailable right now. What should I do next.,General
My debit card activation is unavailable right now. I need instructions for this service.,General
Someone used my debit card without my permission. The transaction appeared this morning. I need to secure my account.,Fraud
My company account verification is showing as incomplete. Please help me complete the process.,Sensitive
My cheque clearance has not been reflected yet. Please help me complete the request.,General
I believe my card details have been compromised. The transaction appeared this morning. Please help me report the fraud.,Fraud
My financial document verification needs to be updated. Please help me complete the process.,Sensitive
My Aadhaar verification needs to be updated. Can you explain the next steps.,Sensitive
My ATM PIN was not processed. Can you help me with this banking service.,General
I received an alert for a transaction I did not make. I noticed it while reviewing my transaction history. Please guide me on the next steps.,Fraud
My KYC documents is waiting for review. Can you tell me how long the review may take.,Sensitive
My financial document verification has not been approved yet. Can you explain the next steps.,Sensitive
My communication address needs to be updated. Please provide the relevant information.,General
There is a suspicious UPI transfer in my account. The transaction was made while I had my card with me. I want to prevent any further unauthorized activity.,Fraud
Someone used my credit card without my permission. The transaction was made while I had my card with me. Please help me report the fraud.,Fraud
Someone transferred money from my account without my approval. I want to make sure no further transactions occur. I need assistance with an unauthorized payment.,Fraud
My account verification requires additional documents. Can you tell me why it is pending.,Sensitive
Money was withdrawn from my account without authorization. I noticed it while reviewing my transaction history. Please tell me how to report this immediately.,Fraud
I received an alert for a transaction I did not make. The payment is unfamiliar to me. Please help me raise a fraud complaint.,Fraud
There is a suspicious UPI transfer in my account. The transaction appeared this morning. I want to investigate this transaction.,Fraud
My company account verification requires additional documents. Can you explain the next steps.,Sensitive
Money was withdrawn from my account without authorization. I do not know who initiated the transaction. Please help me report the fraud.,Fraud
I do not recognize a recent card payment. I noticed it while reviewing my transaction history. I need to secure my account.,Fraud
My debit card activation is difficult to access. Please explain how this service works.,General
My mobile banking password is not working. Can you help me with this banking service.,General
I found an unknown payment in my statement. The transaction was made while I had my card with me. I need to secure my account.,Fraud
My registered mobile number is difficult to access. Please provide the relevant information.,General
My loan verification is showing as incomplete. Can you tell me why it is pending.,Sensitive
My identity verification is under review. Can you explain the next steps.,Sensitive
Someone used my debit card without my permission. I want to make sure no further transactions occur. Please tell me how to report this immediately.,Fraud
My registered email address is showing an error. Can you explain the steps to fix it.,General
I noticed an unauthorized transaction on my account. The payment appeared in my latest statement. Please tell me how to block the affected card.,Fraud
My mobile banking login is not working. Please tell me how to resolve this.,General
My KYC verification is under review. Please tell me which documents are required.,Sensitive
My bank transfer is showing an error. Can you help me with this banking service.,General
My ATM withdrawal is unavailable right now. Please help me complete the request.,General
Someone used my debit card without my permission. The payment is unfamiliar to me. Please tell me how to report this immediately.,Fraud
There is a suspicious UPI transfer in my account. I want to make sure no further transactions occur. I need assistance with an unauthorized payment.,Fraud
My NRI account KYC is still pending. Please tell me which documents are required.,Sensitive
My mobile banking password is showing an error. Please provide the relevant information.,General
My bank transfer is difficult to access. Please help me complete the request.,General
My Aadhaar verification was submitted for verification. Can you tell me why it is pending.,Sensitive
My financial document verification has not been completed yet. Can you explain the next steps.,Sensitive
I noticed an unauthorized transaction on my account. I received the notification while checking my phone. I need assistance with an unauthorized payment.,Fraud
My account verification needs further information. Please explain what information I should provide.,Sensitive
Money was withdrawn from my account without authorization. I want to make sure no further transactions occur. Please help me report the fraud.,Fraud
My home loan application is under review. Can you explain the next steps.,Sensitive
My Aadhaar verification is showing as incomplete. Can you tell me why it is pending.,Sensitive
My cheque clearance is taking longer than expected. I need instructions for this service.,General
My loan verification requires additional documents. Please tell me which documents are required.,Sensitive
Someone transferred money from my account without my approval. I have never made this type of payment. I need assistance with an unauthorized payment.,Fraud
My identity verification requires additional documents. Can you explain the next steps.,Sensitive
My Aadhaar verification needs further information. Please help me resolve the verification issue.,Sensitive
Someone used my credit card without my permission. I do not know who initiated the transaction. I want to investigate this transaction.,Fraud
I found an unknown payment in my statement. I have never made this type of payment. I want to investigate this transaction.,Fraud
My IMPS transfer is not visible in the app. Please help me complete the request.,General
My PAN verification is waiting for review. Can you explain the next steps.,Sensitive
My account verification is waiting for review. Please help me complete the process.,Sensitive
My communication address is not visible in the app. I need instructions for this service.,General
I noticed an unauthorized transaction on my account. I received the notification while checking my phone. I want to investigate this transaction.,Fraud
My KYC verification was submitted for verification. Please help me complete the process.,Sensitive
My internet banking password was not processed. Please explain how this service works.,General
My transaction history was not processed. Please explain how this service works.,General
My Aadhaar verification is still pending. Can you tell me how long the review may take.,Sensitive
I noticed an unauthorized transaction on my account. I noticed it while reviewing my transaction history. Please guide me on the next steps.,Fraud
Someone transferred money from my account without my approval. The transaction appeared this morning. Please tell me how to report this immediately.,Fraud
I noticed an unauthorized transaction on my account. The payment is unfamiliar to me. I need assistance with an unauthorized payment.,Fraud
Someone used my debit card without my permission. The amount is not something I authorized. Please tell me how to report this immediately.,Fraud
My business loan application needs to be updated. I need guidance on updating the information.,Sensitive
My internet banking password needs to be updated. Can you help me with this banking service.,General
My mobile banking login is difficult to access. Please help me complete the request.,General
My personal loan application is under review. Please help me complete the process.,Sensitive
My loan documentation is waiting for review. I need guidance on updating the information.,Sensitive
I do not recognize a recent card payment. The amount is not something I authorized. Please help me report the fraud.,Fraud
My personal loan application has not been completed yet. I need guidance on updating the information.,Sensitive
My cheque clearance is not visible in the app. Please provide the relevant information.,General
Money was withdrawn from my account without authorization. The amount is not something I authorized. Please help me raise a fraud complaint.,Fraud
I believe my card details have been compromised. I want to make sure no further transactions occur. Please tell me how to block the affected card.,Fraud
My mobile banking login is unavailable right now. Can you help me with this banking service.,General
My mobile banking password is taking longer than expected. Please tell me how to resolve this.,General
My home loan application needs to be updated. Can you explain the next steps.,Sensitive
My bank statement has not been reflected yet. Can you explain the steps to fix it.,General
My account verification is waiting for review. Please tell me which documents are required.,Sensitive
My banking application is taking longer than expected. Please tell me how to resolve this.,General
My loan documentation is under review. Can you tell me how long the review may take.,Sensitive
My IMPS transfer is showing an error. Can you explain the steps to fix it.,General
My NRI account KYC is still pending. Can you tell me how long the review may take.,Sensitive
Someone used my credit card without my permission. I have never made this type of payment. Please help me report the fraud.,Fraud
Someone transferred money from my account without my approval. I noticed it while reviewing my transaction history. Please guide me on the next steps.,Fraud
My bank statement is difficult to access. I need instructions for this service.,General
I received an alert for a transaction I did not make. The transaction appeared this morning. Please tell me how to report this immediately.,Fraud
Someone used my debit card without my permission. The transaction appeared this morning. I need assistance with an unauthorized payment.,Fraud
There is a suspicious UPI transfer in my account. I noticed it while reviewing my transaction history. Please tell me how to report this immediately.,Fraud
There is a suspicious UPI transfer in my account. The transaction appeared this morning. Please tell me how to report this immediately.,Fraud
My PAN verification is showing as incomplete. I need guidance on updating the information.,Sensitive
My account balance is unavailable right now. I need instructions for this service.,General
My NEFT transfer has not been reflected yet. Please help me complete the request.,General
My net banking login is taking longer than expected. Can you guide me through the process.,General
There is a suspicious UPI transfer in my account. I received the notification while checking my phone. I want to prevent any further unauthorized activity.,Fraud
My ATM withdrawal is difficult to access. I need instructions for this service.,General
My cheque clearance was not processed. Please help me complete the request.,General
My personal information update needs to be updated. I need guidance on updating the information.,Sensitive
My company account verification has not been approved yet. I would like an update on the application.,Sensitive
There is a suspicious UPI transfer in my account. I received the notification while checking my phone. I need to secure my account.,Fraud
My communication address is not working. Please explain how this service works.,General
My debit card activation is not working. Please explain how this service works.,General
My home loan application needs to be updated. Please tell me which documents are required.,Sensitive
My home loan application is waiting for review. Please help me resolve the verification issue.,Sensitive
My PAN verification requires additional documents. Please help me complete the process.,Sensitive
My transaction history is unavailable right now. What should I do next.,General
I believe my card details have been compromised. I want to make sure no further transactions occur. I need assistance with an unauthorized payment.,Fraud
My KYC documents is waiting for review. Can you explain the next steps.,Sensitive
My business loan application is showing as incomplete. Can you tell me how long the review may take.,Sensitive
My KYC documents was submitted for verification. Please guide me through the required process.,Sensitive
My KYC documents is showing as incomplete. Please guide me through the required process.,Sensitive
My registered mobile number needs clarification. Can you help me with this banking service.,General
My NEFT transfer was not processed. Can you explain the steps to fix it.,General
My KYC documents needs to be updated. I would like an update on the application.,Sensitive
Someone used my credit card without my permission. The payment appeared in my latest statement. I need assistance with an unauthorized payment.,Fraud
My identity verification is showing as incomplete. I would like an update on the application.,Sensitive
My mobile banking password is taking longer than expected. What should I do next.,General
My Aadhaar verification was submitted for verification. Please tell me which documents are required.,Sensitive
I found an unknown payment in my statement. The amount is not something I authorized. Please tell me how to report this immediately.,Fraud
My account verification is waiting for review. I need guidance on updating the information.,Sensitive
My KYC verification is still pending. Please guide me through the required process.,Sensitive
I do not recognize a recent card payment. The transaction appeared this morning. Please tell me how to block the affected card.,Fraud
I believe my card details have been compromised. I have never made this type of payment. Please help me raise a fraud complaint.,Fraud
My KYC documents requires additional documents. Please help me complete the process.,Sensitive
My account verification needs to be updated. Please tell me which documents are required.,Sensitive
My personal loan application is waiting for review. Please tell me which documents are required.,Sensitive
My account verification was submitted for verification. I need guidance on updating the information.,Sensitive
I found an unknown payment in my statement. I do not know who initiated the transaction. I want to investigate this transaction.,Fraud
My salary credit has not been reflected yet. Please help me complete the request.,General
My PAN verification needs further information. Please help me resolve the verification issue.,Sensitive
My company account verification was submitted for verification. Please explain what information I should provide.,Sensitive
My company account verification needs further information. I need guidance on updating the information.,Sensitive
My ATM PIN is not visible in the app. What should I do next.,General
I noticed an unauthorized transaction on my account. I noticed it while reviewing my transaction history. Please tell me how to block the affected card.,Fraud
My communication address is difficult to access. Please help me complete the request.,General
My salary credit is not visible in the app. Can you help me with this banking service.,General
I received an alert for a transaction I did not make. The payment is unfamiliar to me. I need to secure my account.,Fraud
My IMPS transfer is showing an error. Please explain how this service works.,General
My mobile banking login needs to be updated. Can you guide me through the process.,General
I do not recognize a recent card payment. The amount is not something I authorized. I want to prevent any further unauthorized activity.,Fraud
My NEFT transfer is showing an error. I would like to know the procedure.,General
My net banking login has not been reflected yet. Please help me complete the request.,General
My loan verification is waiting for review. I need guidance on updating the information.,Sensitive
My cheque clearance is taking longer than expected. I would like to know the procedure.,General
I received an alert for a transaction I did not make. The amount is not something I authorized. I want to investigate this transaction.,Fraud
My cheque clearance has not been reflected yet. I would like to know the procedure.,General
I do not recognize a recent card payment. The payment appeared in my latest statement. Please help me report the fraud.,Fraud
Money was withdrawn from my account without authorization. The payment is unfamiliar to me. Please help me report the fraud.,Fraud
My personal loan application is under review. Can you explain the next steps.,Sensitive
I received an alert for a transaction I did not make. I received the notification while checking my phone. I want to prevent any further unauthorized activity.,Fraud
My NEFT transfer has not been reflected yet. Can you explain the steps to fix it.,General
My company account verification is still pending. I need guidance on updating the information.,Sensitive
My KYC documents is still pending. Can you tell me why it is pending.,Sensitive
My ATM PIN is showing an error. Please help me complete the request.,General
I believe my card details have been compromised. I do not know who initiated the transaction. Please tell me how to report this immediately.,Fraud
My KYC documents has not been approved yet. I would like an update on the application.,Sensitive
My business loan application is under review. Can you tell me why it is pending.,Sensitive
I believe my card details have been compromised. The payment is unfamiliar to me. I want to investigate this transaction.,Fraud
My NRI account KYC is waiting for review. Can you explain the next steps.,Sensitive
I received an alert for a transaction I did not make. I have never made this type of payment. I need assistance with an unauthorized payment.,Fraud
Someone used my credit card without my permission. I noticed it while reviewing my transaction history. I need assistance with an unauthorized payment.,Fraud
My personal loan application is showing as incomplete. Please help me resolve the verification issue.,Sensitive
Someone used my credit card without my permission. The transaction was made while I had my card with me. Please tell me how to report this immediately.,Fraud
My Aadhaar verification is still pending. Please help me resolve the verification issue.,Sensitive
My personal information update needs to be updated. Can you tell me why it is pending.,Sensitive
My NEFT transfer is difficult to access. Can you explain the steps to fix it.,General
Money was withdrawn from my account without authorization. The transaction appeared this morning. Please help me report the fraud.,Fraud
My NRI account KYC requires additional documents. Can you explain the next steps.,Sensitive
My account verification is still pending. Can you tell me why it is pending.,Sensitive
My loan verification was submitted for verification. Please guide me through the required process.,Sensitive
My cheque book request needs to be updated. Please provide the relevant information.,General
I found an unknown payment in my statement. I want to make sure no further transactions occur. Please help me dispute the transaction.,Fraud
My mobile banking password needs to be updated. Please explain how this service works.,General
My loan documentation is waiting for review. Can you tell me how long the review may take.,Sensitive
I received an alert for a transaction I did not make. I noticed it while reviewing my transaction history. Please help me dispute the transaction.,Fraud
Money was withdrawn from my account without authorization. I noticed it while reviewing my transaction history. Please help me dispute the transaction.,Fraud
My personal loan application was submitted for verification. Can you explain the next steps.,Sensitive
My identity verification is still pending. Please guide me through the required process.,Sensitive
My PAN verification is showing as incomplete. Please help me complete the process.,Sensitive
My business loan application was submitted for verification. Please guide me through the required process.,Sensitive
My business loan application needs to be updated. Can you explain the next steps.,Sensitive
My banking application is unavailable right now. Can you guide me through the process.,General
I noticed an unauthorized transaction on my account. The amount is not something I authorized. Please tell me how to report this immediately.,Fraud
I do not recognize a recent card payment. The transaction appeared this morning. I need to secure my account.,Fraud
My identity verification was submitted for verification. Please help me resolve the verification issue.,Sensitive
My company account verification has not been approved yet. Please explain what information I should provide.,Sensitive
My registered mobile number is unavailable right now. I would like to know the procedure.,General
I found an unknown payment in my statement. I do not know who initiated the transaction. I want to prevent any further unauthorized activity.,Fraud
My transaction history was not processed. Please help me complete the request.,General
My PAN verification was submitted for verification. Can you tell me how long the review may take.,Sensitive
My account balance needs to be updated. Can you explain the steps to fix it.,General
My banking application has not been reflected yet. Can you help me with this banking service.,General
My personal loan application needs to be updated. Can you tell me how long the review may take.,Sensitive
Someone used my credit card without my permission. The amount is not something I authorized. I need to secure my account.,Fraud
There is a suspicious UPI transfer in my account. I do not know who initiated the transaction. Please tell me how to report this immediately.,Fraud
Someone used my credit card without my permission. I want to make sure no further transactions occur. Please guide me on the next steps.,Fraud
My mobile banking login needs clarification. I need instructions for this service.,General
My ATM withdrawal is taking longer than expected. Please provide the relevant information.,General
My cheque book request is not visible in the app. Please provide the relevant information.,General
My account verification has not been approved yet. Please help me complete the process.,Sensitive
My ATM PIN has not been reflected yet. Please tell me how to resolve this.,General
I do not recognize a recent card payment. I want to make sure no further transactions occur. Please tell me how to block the affected card.,Fraud
Someone used my debit card without my permission. I have never made this type of payment. I need assistance with an unauthorized payment.,Fraud
My IMPS transfer is not visible in the app. Please explain how this service works.,General
I do not recognize a recent card payment. The transaction was made while I had my card with me. Please help me report the fraud.,Fraud
My banking application needs to be updated. What should I do next.,General
My Aadhaar verification needs further information. Please guide me through the required process.,Sensitive
My loan verification is showing as incomplete. I need guidance on updating the information.,Sensitive
My mobile banking password needs to be updated. Can you guide me through the process.,General
My mobile banking login was not processed. Can you help me with this banking service.,General
My bank statement has not been reflected yet. Please help me complete the request.,General
My identity verification is waiting for review. Please guide me through the required process.,Sensitive
My account balance is showing an error. I would like to know the procedure.,General
I received an alert for a transaction I did not make. I have never made this type of payment. I want to investigate this transaction.,Fraud
My KYC verification was submitted for verification. Please explain what information I should provide.,Sensitive
I found an unknown payment in my statement. I received the notification while checking my phone. Please help me dispute the transaction.,Fraud
Money was withdrawn from my account without authorization. The payment appeared in my latest statement. I want to investigate this transaction.,Fraud
I found an unknown payment in my statement. I have never made this type of payment. Please tell me how to block the affected card.,Fraud
My cheque book request is unavailable right now. I would like to know the procedure.,General
There is a suspicious UPI transfer in my account. I do not know who initiated the transaction. I need to secure my account.,Fraud
I do not recognize a recent card payment. I received the notification while checking my phone. Please help me report the fraud.,Fraud
My loan verification was submitted for verification. I would like an update on the application.,Sensitive
My internet banking password is taking longer than expected. Please provide the relevant information.,General
Someone used my credit card without my permission. The payment appeared in my latest statement. Please help me report the fraud.,Fraud
My mobile banking login is not visible in the app. Can you explain the steps to fix it.,General
My ATM withdrawal is difficult to access. Please help me complete the request.,General
My PAN verification is still pending. Can you explain the next steps.,Sensitive
My debit card activation is not working. Please provide the relevant information.,General
My KYC documents is waiting for review. Please tell me which documents are required.,Sensitive
My communication address needs to be updated. What should I do next.,General
My mobile banking login needs clarification. What should I do next.,General
My transaction history needs clarification. What should I do next.,General
My registered mobile number was not processed. Please provide the relevant information.,General
My NEFT transfer is taking longer than expected. I need instructions for this service.,General
My loan verification has not been completed yet. I need guidance on updating the information.,Sensitive
There is a suspicious UPI transfer in my account. I do not know who initiated the transaction. Please help me raise a fraud complaint.,Fraud
My identity verification has not been approved yet. I would like an update on the application.,Sensitive
My net banking login needs to be updated. Please tell me how to resolve this.,General
My Aadhaar verification has not been approved yet. Can you tell me why it is pending.,Sensitive
My ATM PIN is taking longer than expected. I would like to know the procedure.,General
My identity verification has not been approved yet. Please guide me through the required process.,Sensitive
My home loan application is still pending. I would like an update on the application.,Sensitive
I received an alert for a transaction I did not make. The transaction was made while I had my card with me. Please help me dispute the transaction.,Fraud
My mobile banking password is not working. I would like to know the procedure.,General
My business loan application has not been approved yet. I need guidance on updating the information.,Sensitive
My communication address is not working. Can you help me with this banking service.,General
My bank transfer is taking longer than expected. I would like to know the procedure.,General
I believe my card details have been compromised. The amount is not something I authorized. I want to investigate this transaction.,Fraud
My loan documentation has not been approved yet. Please guide me through the required process.,Sensitive
My salary credit needs to be updated. Can you help me with this banking service.,General
My communication address is difficult to access. Please provide the relevant information.,General
I found an unknown payment in my statement. The payment is unfamiliar to me. Please tell me how to report this immediately.,Fraud
I believe my card details have been compromised. I received the notification while checking my phone. Please help me dispute the transaction.,Fraud
Someone used my debit card without my permission. I received the notification while checking my phone. I need assistance with an unauthorized payment.,Fraud
My registered email address needs to be updated. Please tell me how to resolve this.,General
I noticed an unauthorized transaction on my account. I do not know who initiated the transaction. Please tell me how to report this immediately.,Fraud
My banking application is not visible in the app. What should I do next.,General
My account balance needs to be updated. Can you guide me through the process.,General
Someone used my credit card without my permission. I have never made this type of payment. I want to investigate this transaction.,Fraud
My communication address is difficult to access. Can you guide me through the process.,General
My banking application is unavailable right now. I need instructions for this service.,General
My banking application is difficult to access. Please tell me how to resolve this.,General
I believe my card details have been compromised. The transaction appeared this morning. Please tell me how to block the affected card.,Fraud
Someone used my credit card without my permission. I noticed it while reviewing my transaction history. Please tell me how to block the affected card.,Fraud
My KYC verification is showing as incomplete. Please explain what information I should provide.,Sensitive
My cheque book request is not visible in the app. Please help me complete the request.,General
My company account verification has not been approved yet. Please guide me through the required process.,Sensitive
My banking application is difficult to access. Please help me complete the request.,General
My loan documentation is still pending. Please guide me through the required process.,Sensitive
Money was withdrawn from my account without authorization. I noticed it while reviewing my transaction history. Please guide me on the next steps.,Fraud
My mobile banking login has not been reflected yet. Can you explain the steps to fix it.,General
Someone transferred money from my account without my approval. The transaction appeared this morning. I want to investigate this transaction.,Fraud
I do not recognize a recent card payment. The amount is not something I authorized. I want to investigate this transaction.,Fraud
I received an alert for a transaction I did not make. The transaction appeared this morning. I need to secure my account.,Fraud
My loan documentation has not been completed yet. Please explain what information I should provide.,Sensitive
My net banking login is not visible in the app. Can you help me with this banking service.,General
My communication address needs clarification. Please tell me how to resolve this.,General
My loan documentation is showing as incomplete. I would like an update on the application.,Sensitive
My KYC documents is waiting for review. Please help me resolve the verification issue.,Sensitive
Someone transferred money from my account without my approval. The transaction was made while I had my card with me. I want to prevent any further unauthorized activity.,Fraud
My mobile banking password is unavailable right now. Can you guide me through the process.,General
My NEFT transfer is difficult to access. I would like to know the procedure.,General
I received an alert for a transaction I did not make. The transaction was made while I had my card with me. Please tell me how to block the affected card.,Fraud
I received an alert for a transaction I did not make. The transaction appeared this morning. Please tell me how to block the affected card.,Fraud
My personal information update is still pending. Can you tell me how long the review may take.,Sensitive
My cheque clearance is taking longer than expected. Can you explain the steps to fix it.,General
My account verification needs to be updated. I need guidance on updating the information.,Sensitive
I noticed an unauthorized transaction on my account. I want to make sure no further transactions occur. Please help me raise a fraud complaint.,Fraud
I believe my card details have been compromised. The payment is unfamiliar to me. Please help me dispute the transaction.,Fraud
My ATM PIN needs clarification. I need instructions for this service.,General
My bank transfer needs to be updated. Please provide the relevant information.,General
My personal loan application has not been completed yet. Please help me complete the process.,Sensitive
Someone used my credit card without my permission. I noticed it while reviewing my transaction history. Please help me report the fraud.,Fraud
My personal loan application requires additional documents. Can you tell me why it is pending.,Sensitive
My company account verification needs further information. Can you tell me why it is pending.,Sensitive
I noticed an unauthorized transaction on my account. I have never made this type of payment. Please help me report the fraud.,Fraud
My personal information update has not been approved yet. Please help me resolve the verification issue.,Sensitive
I received an alert for a transaction I did not make. The payment is unfamiliar to me. Please guide me on the next steps.,Fraud
Money was withdrawn from my account without authorization. I received the notification while checking my phone. I want to prevent any further unauthorized activity.,Fraud
My account balance needs clarification. Can you help me with this banking service.,General
Someone transferred money from my account without my approval. I have never made this type of payment. Please help me dispute the transaction.,Fraud
Money was withdrawn from my account without authorization. The transaction was made while I had my card with me. Please help me report the fraud.,Fraud
My ATM PIN is taking longer than expected. Please provide the relevant information.,General
I found an unknown payment in my statement. The amount is not something I authorized. Please help me raise a fraud complaint.,Fraud
My account verification needs to be updated. Can you tell me how long the review may take.,Sensitive
I noticed an unauthorized transaction on my account. The transaction appeared this morning. I want to investigate this transaction.,Fraud
My mobile banking password needs clarification. Please tell me how to resolve this.,General
My communication address needs to be updated. Please tell me how to resolve this.,General
My registered email address is taking longer than expected. Please provide the relevant information.,General
I believe my card details have been compromised. I have never made this type of payment. Please help me report the fraud.,Fraud
My bank transfer was not processed. I need instructions for this service.,General
My KYC documents needs further information. Please explain what information I should provide.,Sensitive
I received an alert for a transaction I did not make. I want to make sure no further transactions occur. I want to investigate this transaction.,Fraud
My loan verification needs further information. Can you tell me how long the review may take.,Sensitive
There is a suspicious UPI transfer in my account. The transaction appeared this morning. Please help me raise a fraud complaint.,Fraud
I received an alert for a transaction I did not make. I noticed it while reviewing my transaction history. I need assistance with an unauthorized payment.,Fraud
My account verification is showing as incomplete. Please help me resolve the verification issue.,Sensitive
My IMPS transfer is taking longer than expected. I would like to know the procedure.,General
My identity verification needs further information. Please help me resolve the verification issue.,Sensitive
My ATM PIN was not processed. Please tell me how to resolve this.,General
My bank statement has not been reflected yet. Can you guide me through the process.,General
My registered email address is unavailable right now. Can you help me with this banking service.,General
Someone used my credit card without my permission. I noticed it while reviewing my transaction history. Please tell me how to report this immediately.,Fraud
My transaction history needs clarification. I would like to know the procedure.,General
My account balance is unavailable right now. I would like to know the procedure.,General
My personal information update needs to be updated. Please help me complete the process.,Sensitive
My internet banking password is not visible in the app. Please explain how this service works.,General
My communication address is not working. Please provide the relevant information.,General
My communication address has not been reflected yet. I need instructions for this service.,General
Someone transferred money from my account without my approval. I have never made this type of payment. I want to prevent any further unauthorized activity.,Fraud
My PAN verification has not been approved yet. Please help me resolve the verification issue.,Sensitive
My personal information update is waiting for review. Please explain what information I should provide.,Sensitive
My banking application needs clarification. Can you guide me through the process.,General
My loan verification has not been completed yet. I would like an update on the application.,Sensitive
My loan verification has not been completed yet. Please explain what information I should provide.,Sensitive
My PAN verification requires additional documents. Please explain what information I should provide.,Sensitive
My internet banking password is unavailable right now. Please help me complete the request.,General
My bank statement is difficult to access. Can you explain the steps to fix it.,General
My bank statement has not been reflected yet. Please tell me how to resolve this.,General
My NEFT transfer needs clarification. Can you explain the steps to fix it.,General
My debit card activation has not been reflected yet. Can you explain the steps to fix it.,General
My KYC documents needs further information. Can you tell me how long the review may take.,Sensitive
My loan verification has not been approved yet. Please explain what information I should provide.,Sensitive
My ATM PIN was not processed. Please help me complete the request.,General
My PAN verification is still pending. Please tell me which documents are required.,Sensitive
My KYC verification is under review. Please help me complete the process.,Sensitive
My home loan application is still pending. Please tell me which documents are required.,Sensitive
My debit card activation is taking longer than expected. Can you explain the steps to fix it.,General
My mobile banking login is unavailable right now. I need instructions for this service.,General
My debit card activation has not been reflected yet. I would like to know the procedure.,General
My KYC documents is still pending. Please tell me which documents are required.,Sensitive
My cheque clearance is unavailable right now. Can you explain the steps to fix it.,General
My NRI account KYC is still pending. Please guide me through the required process.,Sensitive
My banking application was not processed. Please explain how this service works.,General
My personal loan application is still pending. Please help me complete the process.,Sensitive
My banking application is not working. Please provide the relevant information.,General
Money was withdrawn from my account without authorization. The amount is not something I authorized. Please guide me on the next steps.,Fraud
I believe my card details have been compromised. I received the notification while checking my phone. I want to prevent any further unauthorized activity.,Fraud
My account balance is difficult to access. Please help me complete the request.,General
My PAN verification is under review. Please guide me through the required process.,Sensitive
My transaction history is taking longer than expected. Can you guide me through the process.,General
My home loan application requires additional documents. Please help me complete the process.,Sensitive
My KYC verification is showing as incomplete. Can you tell me why it is pending.,Sensitive
My KYC verification is showing as incomplete. Please help me resolve the verification issue.,Sensitive
My ATM withdrawal has not been reflected yet. Can you explain the steps to fix it.,General
I believe my card details have been compromised. I do not know who initiated the transaction. Please guide me on the next steps.,Fraud
Someone used my debit card without my permission. The transaction was made while I had my card with me. Please tell me how to block the affected card.,Fraud
My home loan application requires additional documents. I need guidance on updating the information.,Sensitive
My company account verification is showing as incomplete. Please guide me through the required process.,Sensitive
Someone used my credit card without my permission. I do not know who initiated the transaction. I need assistance with an unauthorized payment.,Fraud
My financial document verification requires additional documents. Can you explain the next steps.,Sensitive
My mobile banking password is not working. Please provide the relevant information.,General
My salary credit is showing an error. I need instructions for this service.,General
My internet banking password is difficult to access. Can you guide me through the process.,General
My financial document verification is showing as incomplete. Please explain what information I should provide.,Sensitive
My home loan application is under review. Can you tell me how long the review may take.,Sensitive
My personal loan application needs to be updated. Please help me resolve the verification issue.,Sensitive
My NRI account KYC was submitted for verification. Please explain what information I should provide.,Sensitive
My Aadhaar verification is showing as incomplete. Please help me complete the process.,Sensitive
Someone used my debit card without my permission. I want to make sure no further transactions occur. I want to prevent any further unauthorized activity.,Fraud
My company account verification needs further information. Can you tell me how long the review may take.,Sensitive
Someone used my credit card without my permission. I noticed it while reviewing my transaction history. Please guide me on the next steps.,Fraud
My KYC documents is still pending. Please help me complete the process.,Sensitive
My bank statement needs to be updated. Can you help me with this banking service.,General
My mobile banking login was not processed. I would like to know the procedure.,General
My financial document verification needs further information. Can you tell me how long the review may take.,Sensitive
My home loan application is waiting for review. Can you tell me how long the review may take.,Sensitive
Someone transferred money from my account without my approval. The payment is unfamiliar to me. Please tell me how to block the affected card.,Fraud
There is a suspicious UPI transfer in my account. I want to make sure no further transactions occur. I want to investigate this transaction.,Fraud
My net banking login needs clarification. I need instructions for this service.,General
I noticed an unauthorized transaction on my account. I have never made this type of payment. I need assistance with an unauthorized payment.,Fraud
My banking application is difficult to access. Please explain how this service works.,General
I noticed an unauthorized transaction on my account. The transaction appeared this morning. Please guide me on the next steps.,Fraud
I noticed an unauthorized transaction on my account. I received the notification while checking my phone. Please tell me how to block the affected card.,Fraud
I believe my card details have been compromised. The transaction appeared this morning. Please help me dispute the transaction.,Fraud
There is a suspicious UPI transfer in my account. The payment is unfamiliar to me. Please help me raise a fraud complaint.,Fraud
Someone transferred money from my account without my approval. The payment is unfamiliar to me. Please help me report the fraud.,Fraud
My NRI account KYC is showing as incomplete. Can you explain the next steps.,Sensitive
My net banking login is showing an error. I would like to know the procedure.,General
My debit card activation is not visible in the app. Please explain how this service works.,General
My personal loan application was submitted for verification. I need guidance on updating the information.,Sensitive
My account balance is showing an error. Can you help me with this banking service.,General
My registered email address needs to be updated. Please explain how this service works.,General
My company account verification requires additional documents. Please explain what information I should provide.,Sensitive
Someone used my credit card without my permission. The transaction was made while I had my card with me. I want to investigate this transaction.,Fraud
Money was withdrawn from my account without authorization. The payment is unfamiliar to me. I need to secure my account.,Fraud
My ATM withdrawal is taking longer than expected. Can you explain the steps to fix it.,General
My mobile banking login is taking longer than expected. I would like to know the procedure.,General
Someone used my debit card without my permission. The transaction was made while I had my card with me. Please help me report the fraud.,Fraud
Someone transferred money from my account without my approval. I noticed it while reviewing my transaction history. Please tell me how to report this immediately.,Fraud
Someone transferred money from my account without my approval. I have never made this type of payment. Please help me report the fraud.,Fraud
My KYC verification requires additional documents. Can you tell me why it is pending.,Sensitive
There is a suspicious UPI transfer in my account. The transaction was made while I had my card with me. Please help me dispute the transaction.,Fraud
My account verification is under review. Can you tell me why it is pending.,Sensitive
My registered email address is not working. Please provide the relevant information.,General
My Aadhaar verification is waiting for review. Please tell me which documents are required.,Sensitive
There is a suspicious UPI transfer in my account. I want to make sure no further transactions occur. Please guide me on the next steps.,Fraud
My identity verification is showing as incomplete. Please guide me through the required process.,Sensitive
Someone transferred money from my account without my approval. The amount is not something I authorized. Please tell me how to block the affected card.,Fraud
My debit card activation was not processed. Can you explain the steps to fix it.,General
My NEFT transfer is unavailable right now. Please help me complete the request.,General
Someone used my debit card without my permission. I do not know who initiated the transaction. Please guide me on the next steps.,Fraud
My debit card activation is showing an error. I would like to know the procedure.,General
My PAN verification needs to be updated. Please help me complete the process.,Sensitive
There is a suspicious UPI transfer in my account. The payment is unfamiliar to me. I need to secure my account.,Fraud
My KYC documents is showing as incomplete. Please explain what information I should provide.,Sensitive
I found an unknown payment in my statement. I do not know who initiated the transaction. Please tell me how to block the affected card.,Fraud
I found an unknown payment in my statement. I have never made this type of payment. Please help me raise a fraud complaint.,Fraud
My loan documentation requires additional documents. Please explain what information I should provide.,Sensitive
Someone used my credit card without my permission. The amount is not something I authorized. Please guide me on the next steps.,Fraud
My loan verification has not been approved yet. I would like an update on the application.,Sensitive
My ATM withdrawal is not working. Please provide the relevant information.,General
My personal loan application needs to be updated. Please guide me through the required process.,Sensitive
My communication address is not working. What should I do next.,General
My internet banking password needs clarification. Can you guide me through the process.,General
My transaction history has not been reflected yet. I need instructions for this service.,General
My bank transfer is unavailable right now. Can you help me with this banking service.,General
My ATM PIN is showing an error. I would like to know the procedure.,General
I found an unknown payment in my statement. The amount is not something I authorized. I want to prevent any further unauthorized activity.,Fraud
I believe my card details have been compromised. I received the notification while checking my phone. I want to investigate this transaction.,Fraud
My company account verification is waiting for review. Please tell me which documents are required.,Sensitive
My PAN verification was submitted for verification. I need guidance on updating the information.,Sensitive
My IMPS transfer is taking longer than expected. Please explain how this service works.,General
My net banking login needs clarification. Can you explain the steps to fix it.,General
Someone used my debit card without my permission. The payment appeared in my latest statement. Please help me report the fraud.,Fraud
My registered mobile number needs to be updated. Please provide the relevant information.,General
My account verification was submitted for verification. Please tell me which documents are required.,Sensitive
My personal information update is waiting for review. Please help me resolve the verification issue.,Sensitive
My bank transfer was not processed. Can you explain the steps to fix it.,General
My KYC documents needs to be updated. Please help me resolve the verification issue.,Sensitive
I believe my card details have been compromised. The payment appeared in my latest statement. I want to investigate this transaction.,Fraud
Money was withdrawn from my account without authorization. The payment appeared in my latest statement. Please guide me on the next steps.,Fraud
Someone transferred money from my account without my approval. The payment is unfamiliar to me. Please guide me on the next steps.,Fraud
My business loan application is still pending. Can you tell me how long the review may take.,Sensitive
I noticed an unauthorized transaction on my account. The amount is not something I authorized. Please help me raise a fraud complaint.,Fraud
My communication address is taking longer than expected. Please explain how this service works.,General
Someone used my credit card without my permission. The transaction was made while I had my card with me. Please help me dispute the transaction.,Fraud
My NRI account KYC has not been completed yet. Please guide me through the required process.,Sensitive
I received an alert for a transaction I did not make. I have never made this type of payment. Please help me report the fraud.,Fraud
My personal loan application has not been completed yet. Please explain what information I should provide.,Sensitive
My ATM PIN has not been reflected yet. I need instructions for this service.,General
My business loan application needs to be updated. Please help me resolve the verification issue.,Sensitive
My cheque clearance needs to be updated. I need instructions for this service.,General
My loan verification is under review. Can you tell me how long the review may take.,Sensitive
My account balance is not working. I need instructions for this service.,General
My KYC verification needs to be updated. Please explain what information I should provide.,Sensitive
My KYC documents is still pending. Please guide me through the required process.,Sensitive
Someone used my credit card without my permission. I do not know who initiated the transaction. Please guide me on the next steps.,Fraud
My KYC documents is showing as incomplete. Please help me resolve the verification issue.,Sensitive
My company account verification is under review. Can you explain the next steps.,Sensitive
My financial document verification requires additional documents. Can you tell me why it is pending.,Sensitive
My ATM PIN is not working. Please provide the relevant information.,General
I found an unknown payment in my statement. I do not know who initiated the transaction. I need assistance with an unauthorized payment.,Fraud
My personal information update is waiting for review. I would like an update on the application.,Sensitive
My loan documentation needs to be updated. Please help me resolve the verification issue.,Sensitive
Someone used my credit card without my permission. The transaction appeared this morning. Please help me dispute the transaction.,Fraud
I do not recognize a recent card payment. I want to make sure no further transactions occur. Please help me report the fraud.,Fraud
My cheque book request is difficult to access. I need instructions for this service.,General
I believe my card details have been compromised. I noticed it while reviewing my transaction history. Please help me raise a fraud complaint.,Fraud
My bank statement is unavailable right now. I would like to know the procedure.,General
There is a suspicious UPI transfer in my account. I noticed it while reviewing my transaction history. I need to secure my account.,Fraud
My loan documentation was submitted for verification. Please help me resolve the verification issue.,Sensitive
My mobile banking password has not been reflected yet. Please provide the relevant information.,General
I found an unknown payment in my statement. I received the notification while checking my phone. Please help me report the fraud.,Fraud
My personal information update needs further information. Please guide me through the required process.,Sensitive
My registered mobile number is taking longer than expected. Please help me complete the request.,General
Someone used my debit card without my permission. The payment is unfamiliar to me. I need assistance with an unauthorized payment.,Fraud
My company account verification requires additional documents. Please help me resolve the verification issue.,Sensitive
My bank statement was not processed. Can you help me with this banking service.,General
Someone transferred money from my account without my approval. The transaction was made while I had my card with me. I want to investigate this transaction.,Fraud
My Aadhaar verification is under review. Can you explain the next steps.,Sensitive
My internet banking password needs to be updated. Please help me complete the request.,General
My mobile banking password is not working. What should I do next.,General
Someone used my debit card without my permission. I want to make sure no further transactions occur. Please tell me how to block the affected card.,Fraud
My registered mobile number needs to be updated. Please tell me how to resolve this.,General
I found an unknown payment in my statement. I received the notification while checking my phone. I need assistance with an unauthorized payment.,Fraud
My ATM PIN is difficult to access. Can you help me with this banking service.,General
I found an unknown payment in my statement. I want to make sure no further transactions occur. Please help me raise a fraud complaint.,Fraud
I received an alert for a transaction I did not make. The payment appeared in my latest statement. Please help me raise a fraud complaint.,Fraud
My registered email address has not been reflected yet. Please help me complete the request.,General
My bank transfer is showing an error. Please provide the relevant information.,General
My net banking login is showing an error. What should I do next.,General
My ATM withdrawal is taking longer than expected. Can you guide me through the process.,General
My home loan application has not been completed yet. Please explain what information I should provide.,Sensitive
My registered mobile number is unavailable right now. Please tell me how to resolve this.,General
My banking application was not processed. I would like to know the procedure.,General
